Product Name,msku,Opening Stock
Chimmy Pillow ,CSTE_0001_ST_Bts_Pillow_Chimmy,192
Tata Pillow ,CSTE_0002_ST_Bts_Pillow_Tata,0
Koya Pillow ,CSTE_0003_ST_Bts_Pillow_Koya,0
Mang Pillow ,CSTE_0004_ST_Bts_Pillow_Mang,21
Shooky Pillow ,CSTE_0005_ST_Bts_Pillow_Shooky,0
Van Pillow ,CSTE_0006_ST_Bts_Pillow_Van,49
Cooky Pillow ,CSTE_0007_ST_Bts_Pillow_Cooky,0
Rj Pillow ,CSTE_0008_ST_Bts_Pillow_Rj,0
Chimmy Long Pillow,CSTE_0009_ST_Bts_LongPillow_Chimmy,0
Tata Long Pillow,CSTE_0010_ST_Bts_LongPillow_Tata,0
Koya Long Pillow,CSTE_0011_ST_Bts_LongPillow_Koya,0
Cooky Long Pillow,CSTE_0012_ST_Bts_LongPillow_Cooky,0
HBD Red MB,CSTE_0013_MB_HBD_Red,0
HBD Brown MB,CSTE_0014_MB_HBD_Brown,386
HBD Black MB,CSTE_0015_MB_HBD_Black,343
HBD Pink MB,CSTE_0016_MB_HBD_Pink,1
HP Brown MB,CSTE_0017_MB_HP_Brown,4
HP Green MB,CSTE_0018_MB_HP_Green,0
HP Blue MB,CSTE_0019_MB_HP_Blue,0
HP Black MB,CSTE_0020_MB_HP_Black,84
Beatles Black MB,CSTE_0021_MB_Beatles_Black,4
Beatles Brown MB,CSTE_0022_MB_Beatles_Brown,0
BeautyandBeast Black MB,CSTE_0023_MB_BeautyandBeast_Black,0
BeautyandBeast Brown MB,CSTE_0024_MB_BeautyandBeast_Brown,0
Castle Brown MB,CSTE_0025_MB_Castle_Brown,0
Castle Unicorn MB,CSTE_0026_MB_Castle_Unicorn,0
Friends Black MB,CSTE_0027_MB_Friends_Black,0
Friends NewBrown MB,CSTE_0028_MB_Friends_NewBrown,0
Friends OldBrown MB,CSTE_0029_MB_Friends_OldBrown,0
Got Black MB,CSTE_0030_MB_Got_Black,0
Got Blue MB,CSTE_0031_MB_Got_Blue,0
Got Brown MB,CSTE_0032_MB_Got_Brown,0
GodFather Brown MB,CSTE_0033_MB_GodFather_Brown,0
GodFather Black MB,CSTE_0034_MB_GodFather_Black,0
GorgeousWife Brown MB,CSTE_0035_MB_Gorgeous_Brown,0
HBD White MB,CSTE_0036_MB_HBD_White,47
HBD Transparent MB,CSTE_0037_MB_HBD_Transparent,0
HP Red MB,CSTE_0038_MB_HP_Red,0
HP White MB,CSTE_0039_MB_HP_White,2
HP DarkBlue MB,CSTE_0040_MB_HP_DarkBlue,0
JurassicPark Black MB,CSTE_0041_MB_JurassicPark_Black,0
JurassicPark Brown MB,CSTE_0042_MB_JurassicPark_Brown,0
Lalaland Brown MB,CSTE_0043_MB_Lalaland_Brown,0
LaVieRose Black MB,CSTE_0044_MB_LaVienRose_Black,0
LavieRose Brown MB,CSTE_0045_MB_LavienRose_Brown,59
LetItGo Black MB,CSTE_0046_MB_LetItGo_Black,0
LetItGo Brown MB,CSTE_0047_MB_LetItGo_Brown,0
LittleStar Brown MB,CSTE_0048_MB_LittleStar_Brown,5
Littlestar BrownUnicorn MB,CSTE_0049_MB_Littlestar_BrownUnicorn,0
PinkPanther Brown MB,CSTE_0050_MB_PinkPanther_Brown,0
PinkPanther Black MB,CSTE_0051_MB_PinkPanther_Black,0
PiratesofCarribean Black MB,CSTE_0052_MB_PiratesofCarribean_Black,6
PiratesofCarribean Brown MB,CSTE_0053_MB_PiratesofCarribean_Brown,16
Starwar Black MB,CSTE_0054_MB_Starwar_Black,0
Starwar Brown MB,CSTE_0055_MB_Starwar_Brown,0
Starwar Blue MB,CSTE_0056_MB_Starwar_Blue,0
ToMyWife Brown MB,CSTE_0057_MB_ToMyWife_Brown,0
ToMyWife BrownWithPhoto MB,CSTE_0058_MB_ToMyWife_BrownWithPhoto,0
YouAreMySunshine Black MB,CSTE_0059_MB_YouAreMySunshine_Black,8
YouAreMySunshine Brown MB,CSTE_0060_MB_YouAreMySunshine_Brown,50
ToMyDad Brown MB,CSTE_0061_MB_ToMyDad_Brown,0
ToMyMom Brown MB,CSTE_0062_MB_ToMyMom_Brown,0
SisterAreLikeStars Brown MB,CSTE_0063_MB_SisterAreLikeStars_Brown,0
YouAreMySunshineSon White MB,CSTE_0064_MB_YouAreMySunshineSon_White,0
YouAreMySunshine AutoBrown MB,CSTE_0065_MB_YouAreMySunshine_AutoBrown,0
Zelda Black MB,CSTE_0066_MB_Zelda_Black,0
Zelda Brown MB,CSTE_0067_MB_Zelda_Brown,0
Acrylic Cirle MB,CSTE_0068_MB_Acrylic_Cirle,0
Acrylic Heart MB,CSTE_0069_MB_Acrylic_Heart,0
DragonBallZ Red MB,CSTE_0070_MB_DragonBallZ_Red,6
CantFallingInLove Brown MB,CSTE_0071_MB_CantFallingInLove_Brown,0
FlyMeToTheMoon Brown MB,CSTE_0072_MB_FlyMeToTheMoon_Brown,0
ILoveToTheMoon Black MB,CSTE_0073_MB_ILoveToTheMoon_Black,0
Imagine Brown MB,CSTE_0074_MB_Imagine_Brown,18
Jesus Brown MB,CSTE_0075_MB_Jesus_Brown,0
LordOfRing Brown MB,CSTE_0076_MB_LordOfRing_Brown,0
MerryChristmas Brown MB,CSTE_0077_MB_MerryChristmas_Brown,35
Naruto Brown MB,CSTE_0078_MB_Naruto_Brown,0
Pooh Black MB,CSTE_0079_MB_Pooh_Black,0
Pooh Brown MB,CSTE_0080_MB_Pooh_Brown,0
Pooh BrownWithPhoe MB,CSTE_0081_MB_Pooh_BrownWithPhoto,0
Queen Brown MB,CSTE_0082_MB_Queen_Brown,0
Simpsons Brown MB,CSTE_0083_MB_Simpsons_Brown,14
Spirated Black MB,CSTE_0084_MB_Spirated_Black,0
Titanic Brown MB,CSTE_0085_MB_Titanic_Brown,61
Naruto BrownWithPhoto MB,CSTE_0086_MB_Naruto_BrownWithPhoto,0
PromiseNeverLand Brown MB,CSTE_0087_MB_PromiseNeverLand_Brown,0
Queen Black MB,CSTE_0088_MB_Queen_Black,0
Beatles4Head MB,CSTE_0089_MB_Beatles4Head_,0
NarutoAllCharacter MB,CSTE_0090_MB_Narruto_AllCharacter,0
StarWar_Yoda MB,CSTE_0091_MB_Starwar_Yoda,0
Totoro MB,CSTE_0092_MB_Totro_Chinese,0
Unicorn NP Blue,CSTE_0093_ST_Unicorn_NP_Blue,0
Unicorn NP Purple,CSTE_0094_ST_Unicorn_NP_Purple,0
Unicorn NP Pink,CSTE_0095_ST_Unicorn_NP_Pink,0
Chimmy NP,CSTE_0096_ST_Bts_NP_Chimmy,0
Cooky NP,CSTE_0097_ST_Bts_NP_Cooky,3
Koya NP,CSTE_0098_ST_Bts_NP_Koya,4
Tata NP,CSTE_0099_ST_Bts_NP_Tata,1
Black Furmat Circle,CSTE_0100_HD_Rug_CircleFurmat_Black,0
Black Furmat Square,CSTE_0101_HD_Rug_SquareFurmat_Black,0
Blue Furmat Circle,CSTE_0102_HD_Rug_CircleFurmat_Blue,0
Brown Furmat Circle,CSTE_0103_HD_Rug_CircleFurmat_Brown,0
OrangeAndWhite Furmat Circle,CSTE_0104_HD_Rug_CircleFurmat_OrangeAndWhite,0
Red Furmat Heart,CSTE_0105_HD_Rug_HeartFurmat_Red,0
Orange Furmat Circle,CSTE_0106_HD_Rug_CircleFurmat_Orange,1
Pink Furmat Circle,CSTE_0107_HD_Rug_CircleFurmat_Pink,0
Purple Furmat Circle,CSTE_0108_HD_Rug_CircleFurmat_Purple,2
Red Furmat Circle,CSTE_0109_HD_Rug_CircleFurmat_Red,0
Brown Furmat Square,CSTE_0110_HD_Rug_SquareFurmat_Brown,0
White Furmat Circle,CSTE_0111_HD_Rug_CircleFurmat_White,0
White Furmat Star,CSTE_0112_HD_Rug_StarFurmat_White,0
Yellow Furmat Circle ,CSTE_0113_HD_Rug_CircleFurmat_Yellow,0
White Chairmat Circle,CSTE_0114_HD_Rug_CircleChairMat_White,0
Oct BlueOrange,CSTE_0115_ST_Rev_Oct_BlueOrange,0
Oct BluePurple,CSTE_0116_ST_Rev_Oct_BluePurple,0
Oct BrownWhite,CSTE_0117_ST_Rev_Oct_BrownWhite,0
Oct DarkBluePink,CSTE_0118_ST_Rev_Oct_DarkBluePink,0
Oct Greenyellow,CSTE_0119_ST_Rev_Oct_GreenYellow,0
Oct PurpleGreen,CSTE_0120_ST_Rev_Oct_PurpleGreen,0
Oct RedPink,CSTE_0121_ST_Rev_Oct_RedPink,0
Oct RedYellow,CSTE_0122_ST_Rev_Oct_RedYellow,0
Oct SkyBluePink,CSTE_0123_ST_Rev_Oct_SkyBluePink,0
Reversible Yoda,CSTE_0124_ST_Rev_Yoda_,17
Cat BlueOrange,CSTE_0125_ST_Rev_Cat_BlueOerange,1
Cat RedYellow,CSTE_0126_ST_Rev_Cat_RedYellow,2
Cat SkyBluePink,CSTE_0127_ST_Rev_Cat_SkyBluePink,0
Tiger RedYellow,CSTE_0128_ST_Rev_Tiger_RedYellow,2
Tiger OrangeYellow,CSTE_0129_ST_Rev_Tiger_OrangeYellow,4
Rabbit RedYellow,CSTE_0130_ST_Rev_Rabbit_RedYellow,4
Black FireGlass,CSTE_0131_SG_FireGlass_Black,0
Blue FireGlass,CSTE_0132_SG_FireGlass_Blue,0
Pink FireGlass,CSTE_0133_SG_FireGlass_Pink,0
Black Bat SG,CSTE_0134_SG_Bat_Black,0
Pink Bat SG,CSTE_0135_SG_Bat_Pink,0
Purple Bat SG,CSTE_0136_SG_Bat_Puple,0
Red Bat SG,CSTE_0137_SG_Bat_Red,0
Yellow Bat SG,CSTE_0138_SG_Bat_Yelllow,0
Black Fur SG,CSTE_0139_SG_Fur_Black,0
Black Heart SG,CSTE_0140_SG_Heart_Black,0
Black Thunder SG,CSTE_0141_SG_Thunder_Black,0
Black Fireglass SG,CSTE_0142_SG_FireGlass_Black,0
Black Oval_1SG,CSTE_0143_SG_Oval01_Black,19
BlackGolden Green Shades Square SG,CSTE_0144_SG_Square_BlackGolden-GreenShades,0
Pink Fur SG,CSTE_0145_SG_Fur_Pink,0
Blue Wings SG,CSTE_0146_SG_Wings_Blue,0
Green Butterfly SG,CSTE_0147_SG_ButterFly_Green,2
RedGreen Butterfly SG,CSTE_0148_SG_ButterFly_RedGreen,19
Pink ButterFly SG,CSTE_0149_SG_ButterFly_Pink,1
Blue-Purple Butterfly SG,CSTE_0150_SG_ButterFly_BluePurple,2
Yellow CloudChian SG,CSTE_0151_SG_CloudChain_Yellow,0
Pink CloudChain SG,CSTE_0152_SG_CloudChain_Pink,0
Red FireFlame SG,CSTE_0153_SG_FireFlame_Red,0
Purple FireGlass,CSTE_0154_SG_FireGlass_Purple,0
Red FireGlass,CSTE_0155_SG_FireGlass_Red,0
Yellow Fireglass,CSTE_0156_SG_FireGlass_Yellow,4
Green Fireglass,CSTE_0157_SG_FireGlass_Green,7
Red Thunder SG,CSTE_0158_SG_Thunder_Red,0
 Black IceMelt SG,CSTE_0159_SG_IceMelt_Black,0
MercuryGreen FireGlass,CSTE_0160_SG_FireGlass_MercuryGreen,4
MercuryOrange Fireglass,CSTE_0161_SG_FireGlass_MercuryOrange,0
MercuryPink Fireglass,CSTE_0162_SG_FireGlass_MercuryPink,5
MercuryPurple Fireglass,CSTE_0163_SG_FireGlass_MercuryPurple,0
MercuryRed Fireglass,CSTE_0164_SG_FireGlass_MercuryRed,0
Pink Square SG,CSTE_0165_SG_Square_OffWhite,6
Orange FireGlass,CSTE_0166_SG_FireGlass_Orange,0
Pink Oval SG,CSTE_0167_SG_Oval_Pink,0
Pink Heart SG,CSTE_0168_SG_Heart_Pink,0
Cream Square SG,CSTE_0169_SG_Sqaure_Creame,23
Purple Thunder SG,CSTE_0170_SG_Thunder_Purple,0
Purple TransparentHeart SG,CSTE_0171_SG_TransparentHeart_Purple,0
Purple Square SG,CSTE_0172_SG_Square_Purple,14
Red BigHeart SG,CSTE_0173_SG_Heart_Red,0
Red Oval SG,CSTE_0174_SG_Oval_Red,45
Silver FireGlass,CSTE_0175_SG_FireGlass_Silver,0
White SmallSquare SG,CSTE_0176_SG_SmallSquare_White,11
Black Square-Golden SG,CSTE_0177_SG_Square/Golden_Black,0
Pink Sqaure SG,CSTE_0178_SG_Square_Pink,0
Pink Star SG,CSTE_0179_SG_Star_Pink,0
Purple Star SG,CSTE_0180_SG_Star_Purple,0
Blue Star SG,CSTE_0181_SG_Star_Blue,0
Red Star SG,CSTE_0182_SG_Star_Red,0
Black Star SG,CSTE_0183_SG_Star_Black,0
TigerPrint Sqaure SG,CSTE_0184_SG_Sqaure/small_TigerPrint,19
Red TransparentHeart SG,CSTE_0185_SG_TransparentHeart_Red,0
Pink TransparentSqaure SG,CSTE_0186_SG_TransparentSqaure_Pink,0
White BigHeart SG,CSTE_0187_SG_BigHeart_Yellow,0
Yellow LittleStar SG,CSTE_0188_SG_LittleStar_Yellow,0
Transparent Circle MB,CSTE_0189_MB_Transparent_Circle,0
MH A5 Black MB,CSTE_0190_MB_MHA5_Black,0
MH A2 Brown MB,CSTE_0191_MB_MHA2_Brown,2
MH A3 Black MB,CSTE_0192_MB_MHA3_Black,0
MH A6 Black MB,CSTE_0193_MB_MHA6_Black,0
MH 3Joker Brown MB,CSTE_0194_MB_MH3Joker_Brown,4
MH A13 MB,CSTE_0195_MB_MHA13_Brown,1
MH A2 Black MB,CSTE_0196_MB_MHA2_Black,0
MH All Black MB,CSTE_0197_MB_MHAll_Black,0
MH A15 Brown MB,CSTE_0198_MB_MHA15_Brown,10
MH A8 Brown MB,CSTE_0199_MB_MHA8_Brown,1
MH LaCasaDePapel Brown MB,CSTE_0200_MB_MHLasaCasaDePapel_Brown,2
MH LaCasaDePapel Black MB,CSTE_0201_MB_MHLasaCasaDePapel_Black,0
MH A16 Brown MB,CSTE_0202_MB_MHA16_Brown,9
MH A14 Brown MB,CSTE_0203_MB_MHA14_Brown,4
MH A12 Brown MB,CSTE_0204_MB_MHA12_Brown,17
MH A10 Brown MB,CSTE_0205_MB_MHA10_Brown,14
MH A9 Brown MB,CSTE_0206_MB_MHA9_Brown,18
MH BellaCiao Black MB,CSTE_0207_MB_BellaCiao_Black,0
MH BellaCiao Brown MB,CSTE_0208_MB_BellaCiao_Brown,0
YouAreMySunshine Transparent MB,CSTE_0209_MB_YouAreMySunshine_Transparent,0
MH A17 Tokyo MB,CSTE_0210_MB_MHA17_Tokyo,6
Blue Feather Glasss,CSTE_0211_SG_Feather_Blue,0
Yellow Feather Glasses,CSTE_0212_SG_Feather_Yellow,0
Black Butterfly Sunglass,CSTE_0213_SG_ButterFly_Black,0
BluePink Butterfly Sunglass,CSTE_0214_SG_ButterFly_BluePink,0
Green Wings Sunglasses,CSTE_0215_SG_Wings_Green,0
Black Wings Sunglasses,CSTE_0216_SG_Wings_Black,0
ThugLife Thin,CSTE_0217_SG_ThugLife_Thin,624
ThugLife Big,CSTE_0218_SG_ThugLife_Big,0
ThugLife Red,CSTE_0219_SG_ThugLife_Red,0
ThuLife Blue,CSTE_0220_SG_ThugLife_Blue,1
Black FireFlame SunGlass,CSTE_0221_SG_Fireflame_Black,0
Black Oval Big Sunglass,CSTE_0222_SG_Oval_Black_Big,0
Oval Cream Brown SunGlass,CSTE_0223_SG_Oval_Cream_brown,4
Square Big Pink Sunglasses,CSTE_0224_SG_BigSquare_Pink,17
TigerPrint Sqaure SG,CSTE_0225_SG_Square/Big_TigerPrint,8
Square Black Big SG,CSTE_0226_SG_Square/Big_Black,12
Square Transparent Glass,CSTE_0227_SG_Square/Transparent_Purple,0
DoubleShade Star SG,CSTE_0228_SG_Star_DoubleShade,0
Brown Chairmat,CSTE_0229_HD_Chairmat_Round_Brown,3
Red Flower Furmat,CSTE_0230_HD_Rug_Furmat_RedFlower,0
Cow Furmat,CSTE_0231_HD_Rug_Furmat_RoundCowPrint,2
Red Sqaure Furmat,CSTE_0232_HD_Rug_Furmat_RedSqaure,0
Peach White Furmat,CSTE_0233_HD_Rug_Furmat_PeachCircle,1
Grey Circle Chairmat,CSTE_0234_HD_Chairmat_Round_Grey,0
Sqaure Grey Pillow,CSTE_0235_HD_Pillow_GreySquare,0
Heart Red Pillow,CSTE_0236_HD_Pillow_Red Heart,0
Brown Pillow Cover,CSTE_0237_HD_PillowCover_Brown,1
Pink Pillow Cover,CSTE_0238_HD_PiillowCover_Pink,27
White heart SG,CSTE_0239_SG_Heart_White,0
Red wing SG,CSTE_0240_SG_Wings_Red,3
iloveyou daddy mb,CSTE_0241_MB_iloveyoudaddy_Brown,0
White Butterfly SG,CSTE_0242_SG_ButterFly_White,0
Yellow wings SG,CSTE_0243_SG_Wings_Yellow,0
Side star Black SG,CSTE_0244_SG_SideStar_Black,0
Side star Yellow SG,CSTE_0245_SG_SideStar_Yellow,0
Side Star pink SG,CSTE_0246_SG_SideStar_Pink,0
Thunder Green SG,CSTE_0247_SG_Thunder_Green,0
Cateye Onion SG,CSTE_0248_SG_Cateye_Onion,0
Round Black SG,CSTE_0249_SG_Round_Black,0
Butterfly red yellow SG ,CSTE_0250_SG_ButterFly_RedYellow,0
Butterfly Lightgreen Pink,CSTE_0251_SG_ButterFly_LightgreenPink,0
Jaguar SG,CSTE_0252_SG_Jaguar_,0
Melted Heart red SG,CSTE_0253_SG_MeltedHeart_Red,0
Butterfly Pink Yellow SG,CSTE_0254_SG_ButterFly_Pinkyellow,0
Butterfly Red SG,CSTE_0255_SG_ButterFly_Red,0
Butterfly Blue,CSTE_0256_SG_ButterFly_Blue,1
Thunder Blue SG,CSTE_0257_SG_Thunder_Blue,0
Avengers MB,CSTE_0258_MB_Avengers,0
PromiseNeverLand Character,CSTE_0259_MB_PromiseNL_Character,0
Pirates Davy Jones,CSTE_0260_MB_Pirate_DavyJones,0
Pirates Jack Sparrow,CSTE_0261_MB_Pirate_JackSparrow,0
Brave Wife,CSTE_0262_MB_Brave WIfe,0
BTS-chimmy-van,CSTE_0263_ST_chimmy_van,0
BTS-rj-shooky,CSTE_0264_ST_rj_shooky,0
BTS-rj-shooky-van-,CSTE_0265_ST_rj_shooky_van,0
BTS-RJ-tata,CSTE_0266_ST_RJ_tata,0
BTS-shooky-tata,CSTE_0267_ST_shooky_tata,0
BTS-cooky-Chimmy,CSTE_0268_ST_cooky_Chimmy,0
BTS-KOYA-Cooky,CSTE_0269_ST_KOYA_Cooky,0
BTS-Chimmy-RJ,CSTE_0270_ST_Chimmy_RJ,0
BTS-koya-rj-shooky-cooky,CSTE_0271_ST_koya_rj_shooky_cooky,0
BTS-cooky-van,CSTE_0272_ST_cooky_van,0
BTS-koya-rj-shooky-chimmy,CSTE_0273_ST_koya_rj_shooky_chimmy,0
BTS-koya-rj-shooky-tata,CSTE_0274_ST_koya_rj_shooky_tata,0
BTS-cooky-koya-rj-tata,CSTE_0275_ST_cooky_koya_rj_tata,0
BTS-cooky-shooky,CSTE_0276_ST_cooky_shooky,0
BTS-chimmy-cooky-koya-Shooky,CSTE_0277_ST_chimmy_cooky_koya_Shooky,0
BTS-cooky-tata,CSTE_0278_ST_cooky_tata,0
BTS-shooky-van,CSTE_0279_ST_shooky_van,0
BTS-Koya-van,CSTE_0280_ST_Koya_van,0
BTS-shooky-tata-chimmy-cooky,CSTE_0281_ST_shooky_tata_chimmy_cooky,0
BTS-Koya-tata,CSTE_0282_ST_Koya_tata,0
BTS-chimmy-cooky-koya-tata,CSTE_0283_ST_chimmy_cooky_koya_tata,0
BTS-Chimmy-Shooky,CSTE_0284_ST_Chimmy_Shooky,0
BTS-Cooky-RJ,CSTE_0285_ST_Cooky_RJ,0
BTS-Koya-Shooky,CSTE_0286_ST_Koya_Shooky,0
BTS-van-tata,CSTE_0287_ST_van_tata,0
BTS-chimmy-tata,CSTE_0288_ST_chimmy_tata,0
BTS-Koya-Chimmy,CSTE_0289_ST_Koya_Chimmy,0
Harrypotter wand,CSTE_0290_OT_Harrypotter_wand,0
Hermoine wand,CSTE_0291_OT_Hermoine_wand,42
Dumbledore wand,CSTE_0292_OT_Dumbledore_wand,2
Lord Voldemort wand,CSTE_0293_OT_Voldemort_wand,49
Harrypotter new wand,CSTE_0294_OT_Harrypotter_new_wand,2
Snape wand,CSTE_0295_OT_Snape_wand,59
Merry go round Blue,CSTE_0296_MB_Merrygo_Blue,0
Merry go round Pink,CSTE_0297_MB_Merrygo_Pink,0
BTS-mang-Chimmy,CSTE_0298_ST_Mang_Chimmy,0
BTS-chimmy-cooky-koya-rj,CSTE_0299_ST_chimmy_cooky_koya_rj,0
BTS-Koya-RJ,CSTE_0300_ST_Koya_Rj,0
Mahogany 21 Notes Brown Kalimba,CSTE_0301_MB_Mahogany_21Notes_Brown,31
Mahogany 17 Notes Deer kalimba,CSTE_0302_MB_Mahogany_17_notes_Deer,8
Mahogany 17 Notes Brown kalimba,CSTE_0303_MB_Mahogany_17Notes_Brown,1
Mahogany 17 Notes Blue kalimba,CSTE_0304_MB_Mahogany_17Notes_Blue,0
Crystle 17 Notes Transparent kalimba,CSTE_0305_MB_Crystle_17Notes_Transparent,3
Sabrina 8 Notes Brown Kalimmba,CSTE_0306_MB_Sabrina_8Notes_Brown,15
Blue Fur SG,CSTE_0307_SG_Fur_Blue,0
Travel Organizer Pink ,CSTE_0308_Organizer_Travel_Pink,0
Travel Organizer LightBlue,CSTE_0309_Organizer_Travel_LightBlue,0
Travel Organizer Grey,CSTE_0310_Organizer_Travel_Grey,4
Travel Organizer Black,CSTE_0311_Organizer_Travel_Black,1
Travel Organizer Cream,CSTE_0312_Organizer_Travel_Cream,0
Makeup Organizer Pink,CSTE_0313_Organizer_Makeup_Pink,0
Makeup Organizer Black,CSTE_0314_Organizer_Makeup_Black,0
Makeup Organizer LightGreen,CSTE_0315_Organizer_Makeup_LightGreen,0
Makeup Organizer Purple,CSTE_0316_Organizer_Makeup_Purple,0
Raccoon Grey,CSTE_0317_ST_Raccoon_Grey,6
Square Black Shade SG,CSTE_0318_SG_Square_BlackShade,0
Harry Potter Round SG,CSTE_0319_SG_HarryPotter_Round,355
Strawberry Red,CSTE_0320_ST_StrawberryRed,0
Strawberry Pink,CSTE_0321_ST_StrawberryPink,0
Axolotl  Blue,CSTE_0322_ST_Axolotl_Blue,0
Axolotl Grey,CSTE_0323_ST_Axolotl_Grey,0
Axolotl Black,CSTE_0324_ST_Axolotl_Black,0
Apple Red,CSTE_0325_ST_Apple_Red,0
Apple Green,CSTE_0326_ST_Apple_Green,0
Watermelon RedBlack,CSTE_0327_ST_Watermelon_RedBlack,0
Watermelon RedYellow,CSTE_0328_ST_Watermelon_RedYellow,0
Squishmellow Orange,CSTE_0329_ST_Squishmellow_Orange,0
Light Harrypotter wand,CSTE_0330_Wands_Harrypotter_Light,80
Light Hermoine wand,CSTE_0331_Wands_Hermoine_Light,14
Light Lord Voldemort wand,CSTE_0332_Wands_LordVoldmort_Light,58
Light Dumbledore wand,CSTE_0333_Wands_Dumbledore_Light,89
Harrypotter wand Musicbox,CSTE_0334_Wands_Harrypotter_MusicBox,0
Hermoine wand Musicbox,CSTE_0335_Wands_Hermoine_MusicBox,0
Dumbledore wand Musicbox,CSTE_0336_Wands_Dumbledore_MusicBox,0
Lord Voldemort wand Musicbox,CSTE_0337_Wands_LordVoldemort_MusicBox,0
Harrypotter new wand Musicbox,CSTE_0338_Wands_Harrypotternew_MusicBox,0
Snape wand MusicBox,CSTE_0339_Wands_Snape_MusicBox,0
Harrypotter wand Sunglass,CSTE_0340_Wands_Harrypotter_Sunglass,0
Hermoine wand Sunglass,CSTE_0341_Wands_Hermoine_Sunglass,0
Dumbledore wand Sunglass,CSTE_0342_Wands_Dumbledore_Sunglass,0
Lord Voldemort wand Sunglass,CSTE_0343_Wands_Lord Voldmort_Sunglass,0
Harrypotter new wand Sunglass,CSTE_0344_Wands_Harrypotter New_Sunglass,0
Snape wand MusicBox Sunglass,CSTE_0345_Wands_Snape_Sunglass,0
Gold Black Square SG,CSTE_0346_SG_Square_GoldBlack,1
MerryChristmas DeerRed MB,CSTE_0347_MB_MerryChristmas_DeerRed,6
MerryChristmas TreeRed MB,CSTE_0348_MB_MerryChristmas_TreeRed ,0
FlyingUnicorn Print Swaddles Baby ,CSTE_0349_Swaddle_FlyingUnicorn _Print,0
harry potter light wand with MB,CSTE_0350_Wands_Harrypotter_light_MB,0
Snape light wand with MB,CSTE_0351_Wands_snape_Light_MB,0
voldemort light wand with MB,CSTE_0352_Wands_Voldemort_Light_MB,0
dumbledore light wand with MB,CSTE_0353_Wands_Dumbledore_light_MB,0
hermoine light wand with MB,CSTE_0354_Wands_Hermoine_light_MB,0
harry potter light wand with SG,CSTE_0355_Wands_Harrypotter_light_SG,0
Snape light wand with SG,CSTE_0356_Wands_snape_Light_SG,0
voldemort light wand with SG,CSTE_0357_Wands_Voldemort_Light_SG,0
dumbledore light wand with SG,CSTE_0358_Wands_Dumbledore_light_SG,0
hermoine light wand with SG,CSTE_0359_Wands_Hermoine_light_SG,0
Snape light wand with SG,CSTE_0360_Wands_Snape_light_SG,0
Oval White black Shade SG,CSTE_0361_SG_Oval_White_BlackShade,0
Oval Round Brown SG,CSTE_0362_SG_Oval_Round_Brown,0
Spy Black SG,CSTE_0363_SG_Spy_Black,14
Unicorn Print Swaddles Baby ,CSTE_0364_Swaddle_Unicorn_Print,13
Animals Print Swaddles Baby ,CSTE_0365_Swaddle_Animal_Print,0
Star Print Swaddles Baby ,CSTE_0366_Swaddle_Star_Print,0
Dinosaur Print Swaddles Baby ,CSTE_0367_Swaddle_Dinosaur_Print,0
Cars Print Swaddles Baby ,CSTE_0368_Swaddle_Cars_Print,0
ST-BTS-RJ-van-FBA,CSTE_0369_ST_RJ_van,0
ST-BTS-chimmy-cooky-koya-van,CSTE_0370_ST_chimmy_cooky_koya_van,0
ST-BTS-cooky-koya-rj-van-FBA,CSTE_0371_ST_cooky_koya_rj_van,0
ST-BTS-koya-rj-shooky-van-FBA,CSTE_0372_ST_koya_rj_shooky_van,0
ST-BTS-tata-van-chimmy-cooky-FBA,CSTE_0373_ST_tata_van_chimmy_cooky,0
ST-BTS-van-chimmy-cooky-koya-FBA,CSTE_0374_ST_van_chimmy_cooky_koya,0
ST-bts-throw-Army,CSTE_0375_ST_throw_Army,0
Rj_Shooky_Van_Tata,CSTE_0376_ST_Rj_Shooky_Van_Tata,0
Mang_Rj,CSTE_0377_ST_Mang_Rj,0
Battle Game Toy,CSTE_0378_OT_BattleGame_Toy,0
DropMelt Brown SG,CSTE_0379_SG_DropMelt_Brown,0
Snape Light Wand,CSTE_0380_Wands_Snape_Light,1
Rabbit Doll Grey,CSTE_0381_ST_Rabbit_Doll_Grey,0
Rabbit Doll Pink,CSTE_0382_ST_Rabbit_Doll_Pink,0
Cat Pillow Black,CSTE_0383_ST_Cat_Pillow_Black,0
Weed RedGreen SG,CSTE_0384_SG_Weed_RedGreen,0
Weed Green SG,CSTE_0385_SG_Weed_Green,0
Gangster Gold Square SG,CSTE_0386_SG_Gangster_SquareGold,0
Crystal Oval Brown SG,CSTE_0387_SG_Oval_Crystal_Brown,0
DoubleShade Heart Fire SG,CSTE_0388_SG_DoubleShade_HeartFire,0
DJ Alok Black SG,CSTE_0389_SG_DJ_Alok_Black,3
Dancing Piano MB,CSTE_0390_MB_Dancing_Piano,0
Makeup Organizer Black With Brushes,CSTE_0391_Organizer_Makeup_Black_Brush,0
Makeup Organizer LightGreen With Brushes,CSTE_0392_Organizer_Makeup_LightGreen_Brush,0
Makeup Organizer Pink With Brushes,CSTE_0393_Organizer_Makeup_Pink_Brush,0
Makeup Organizer Purple With Brushes,CSTE_0394_Organizer_Makeup_Purple_Brush,0
Wings Blue SG,CSTE_0395_SG_WIngs_Pink,0
ToMyMom White MB,CSTE_0396_MB_ToMyMom_White,0
Organizer Storage Box Blue,CSTE_0397_Organizer_StorageBox_Blue,53
Harrypotter wand With MB & SG,CSTE_0398_Wands_HP_MB_SG,0
Hermoine wand With MB & SG,CSTE_0399_Wands_Hermoine_MB_SG,0
Dumbledore wand With MB & SG,CSTE_0400_Wands_Dumbledore_MB_SG,0
Voldemort wand With MB & SG,CSTE_0401_Wands_Voldemort_MB_SG,0
Snape wand With MB & SG,CSTE_0402_Wands_Snape_MB_SG,0
Harrypotter Light wand With MB & SG,CSTE_0403_Wands_HP_Light_MB_SG,0
Hermoine Light wand With MB & SG,CSTE_0404_Wands_Hermoine_Light_MB_SG,0
Voldemort Light wand With MB & SG,CSTE_0405_Wands_Dumbledore_Light_MB_SG,0
Dumbledore Light wand With MB & SG,CSTE_0406_Wands_Voldemort_Light_MB_SG,0
Harry potter Scarf With SG,CSTE_0407_OT_HP_Scarf_SG,0
 Wand Stand Metal,CSTE_0408_Wands_Stand_Metal,0
26Ltr Storage Organizer Grey,CSTE_0409_Orgn_Storage_26Ltr_Grey,41
26Ltr Storage Organizer Green,CSTE_0410_Orgn_Storage_26Ltr_Green,8
26Ltr Storage Organizer Brown,CSTE_0411_Orgn_Storage_26Ltr_Brown,27
26Ltr Storage Organizer BlackWhite,CSTE_0412_Orgn_Storage_26Ltr_BlackWhite,27
26Ltr Storage Organizer Blue,CSTE_0413_Orgn_Storage_26Ltr_Blue,29
26Ltr Storage Organizer Cream,CSTE_0414_Orgn_Storage_26Ltr_Cream,36
Organizer Storage Box Pink,CSTE_0415_Organizer_StorageBox_Pink,1
Organizer Storage Box Brown,CSTE_0416_Organizer_StorageBox_Brown,4
Organizer Storage Box SkyBlue,CSTE_0417_Organizer_StorageBox_SkyBlue,1
MineCraft Steve,CSTE_0418_ST_MineCraft_Steve,52
MineCraft Creeper,CSTE_0419_ST_MineCraft_Creeper,50
MineCraft Zombie,CSTE_0420_ST_MineCraft_Zombie,27
MineCraft Ghost,CSTE_0421_ST_MineCraft_Ghost,11
Travel Organizer 6Pcs Grey,CSTE_0422_Org_6Pcs_Travel_Grey,14
Travel Organizer 6Pcs Blue,CSTE_0423_Org_6Pcs_Travel_Blue,17
Travel Organizer 6Pcs Pink,CSTE_0424_Org_6Pcs_Travel_Pink,26
Travel Organizer 6Pcs Red,CSTE_0425_Org_6Pcs_Travel_Red,22
Travel Organizer 6Pcs Black,CSTE_0426_Org_6Pcs_Travel_Black,14
Travel Organizer 6Pcs Purple,CSTE_0427_Org_6Pcs_Travel_Purple,5
Travel Organizer 6Pcs Maroon,CSTE_0428_Org_6Pcs_Travel_Maroon,22
Compression Travel Kit Cream,CSTE_0429_Org_Compression_Kit_Cream,34
Compression Travel Kit Blue,CSTE_0430_Org_Compression_Kit_Blue,25
String Hockey Game,CSTE_0431_OT_String_Hockey_Game,9
Pineapple Pillow,CSTE_0432_ST_Fruit_PineApple_Yellow,2
Charizard Pokemon,CSTE#0433_ST_Pokemon_Charmander_Red,0
Bulbasour Pokemon,CSTE_0434_ST_Pokemon_Bulbasour_Green,20
Squirtle Pokemon,CSTE_0435_ST_Pokemon_Squirtle_Blue,15
8 notes kalimba Heart shape,CSTE_0436_MB_Kalimba_8Notes_Heartshape,11
Minecraft Lama ,CSTE_0437_ST_Minecraft_Lama_Brown,55
Zoro 3 Swords,CSTE_0438_CLT_AF_Zoro_3Swords,10
Luffy 3 Face,CSTE_0439_CLT_AF_Luffy_3Face,6
Gohan,CSTE_0440_CLT_AF_Gohan_Purple,0
Goku_Rosea,CSTE_0441_CLT_AF_Goku_Rosea,0
Goku Big,CSTE_0442_CLT_AF_Goku_Big,0
Demon Slayer Set,CSTE_0443_CLT_AF_Demon_Slayer_Set,0
Goku Charging,CSTE_0444_CLT_AF_Goku_Charging,6
Goku Spirit,CSTE_0445_CLT_AF_Goku_Spirit,0
Goku Kamahe,CSTE_0446_CLT_AF_Goku_Kamahe,0
Goku SSJ,CSTE_0447_CLT_AF_Goku_SSJ,3
Vegeta Gloves Black,CSTE_0448_CLT_AF_Vegeta_Gloves_Black,1
Vegtea Gloves Blue,CSTE_0449_CLT_AF_Vegeta_Gloves_Blue,1
kakasi Attack,CSTE_0450_CLT_AF_Kakashi_Attack,4
Zoro Tree,CSTE_0451_CLT_AF_Zoro_Tree,4
Harry Potter Set 3,CSTE_0452_CLT_AF_HarryPotter_Set_3,0
White kitten,CSTE_0453_ST_Animal_Kitten_White,38
Garfield,CSTE_0454_ST_Animal_Garfield_Orange,42
Kirby,CSTE_0455_ST_Animal_Kirby_Pink,0
Maru Bear,CSTE_0456_ST_Animal_Maru_Bear,28
Hello Kitty,CSTE_0457_ST_Animal_Hello_Kitty,16
Love A Lot Bear,CSTE_0458_ST_Animal_Love_Lot_Bear,13
Mix Bear set 4,CSTE_0459_ST_Animal_Bear_Mix_Set4,0
Stitch Lina Bear,CSTE_0460_ST_Animal_Stitch_Lina_Bear,22
Mega Charizard Pokemon,CSTE_0461_ST_Pokemon_Mega_Charizard,0
Togepi Pokemon,CSTE_0462_ST_Pokemon_Togepi,0
Gengar Pokemon,CSTE_0463_ST_Pokemon_Gengar,6
Snorlax Pokemon,CSTE_0464_ST_Pokemon_Snorlex,5
Psyduck Pokemon,CSTE_0465_ST_Pokemon_Pysduck,20
Jigglypuff Pokemon,CSTE_0466_ST_Pokemon_Jigglypuff,8
Poke Ball plush toy Pokemon,CSTE_0467_ST_Pokemon_PokeBall,5
Jigglypuff Fur Pokemon,CSTE_0468_ST_Pokemon_Jigglypuff_Fur,5
Charizard Pokemon,CSTE_0469_ST_Pokemon_Charizard,0
Minecraft Sword Small,CSTE_0470_ST_Minecraft_Sword_Small,96
Minecraft Sword Big,CSTE_0471_ST_Minecraft_Sword_Big,97
Travel Organizer DarkBlue,CSTE_0472_Organizer_Travel_DarkBlue,0
Travel Organizer 6Pcs DarkBlue,CSTE_0473_Organizer_6Pcs_Travel_DarkBlue,20
Compression Travel Kit Black,CSTE_0474_Organizer_Compression_Kit_Black,12
Compression Travel Kit Lightblue,CSTE_0475_Organizer_Compression_Kit_LightBlue,11
Minecraft Zombie Black,CSTE_0476_ST_Minecraft_Zombie_Black,27
Minecraft Spider Blue,CSTE_0477_ST_Minecraft_Spider_Blue,20
Minecraft Cow Brown,CSTE_0478_ST_Minecraft_Cow_Brown,10
Minecraft Grass Block,CSTE_0479_ST_Minecraft_Grass_Block,21
Minecraft TNT Block,CSTE_0480_ST_Minecraft_TNT_Block,21
Cow Pluah Cloths,CSTE_0481_ST_Animal_Cow_Plush_Cloths,1
hello kitty Kuromi Black,CSTE_0482_ST_Animal_Kitty_Kuromi_Black,9
Hello Kitty My Melody Pink,CSTE_0483_ST_Animal_Kitty_MyMelody_Pink,17
Kaonashi Ghost black,CSTE_0484_ST_Animal_Kaonashi_Ghost_Black,0
Kawaii Penguin Plush,CSTE_0485_ST_Animal_Kawaii_Penguin,2
Breathing Animal Otter Brown,CSTE_0486_ST_Animal_Breathing_Otter_Brown,25
Breathing Animal Otter Blue,CSTE_0487_ST_Animal_Breathing_Otter_Blue,100
Breathing Stitch Blue,CSTE_0488_ST_Animal_Breathing_Stitch_Blue,137
Bloxfruits Light,CSTE_0489_ST_Fruit_Blox_Light,27
Bloxfruits Shadow,CSTE_0490_ST_Fruit_Blox_Shadow,30
Bloxfruits Spirit,CSTE_0491_ST_Fruit_Blox_Spirit,26
Bloxfruits Control,CSTE_0492_ST_Fruit_Blox_Control,0
illusion Mat Small,CSTE_0493_HD_Rug_illusion_Mat_Small,5
Black_White_illusion_Mat,CSTE_0494_HD_Rug_illusion_Mat_BlackWhite,0
Fire illusion mat,CSTE_0495_HD_Rug_illusion_Mat_Fire,1
Green_Yellow_Spiral_Mat,CSTE_0496_HD_Rug_Spiral_Mat_GreenYellow,3
Black_White_Spiral_Mat,CSTE_0497_HD_Rug_Spiral_Mat_BlackWhite,3
Purple_Yellow_Spiral_Mat,CSTE_0498_HD_Rug_Spiral_Mat_PurpleYellow,3
Green_Psychedelic_Mat,CSTE_0499_HD_Rug_Psychedlic_Mat_Green,3
Colourful_Psychedelic_Mat,CSTE_0500_HD_Rug_Psychedlic_Mat_Colourful,3
Black_White_Moving_Mat,CSTE_0501_HD_Rug_Moving_Mat_BlackWhite,3
Minecraft Pickaxe,CSTE_0502_ST_Minecraft_Pickaxe_Foam,33
Kirby Rabbit Hat Green,CSTE_0503_ST_Animal_Kirby_Rabbit_Hat,5
Goku plush DBZ,CSTE_0504_ST_DBZ_Goku_Plush,4
vegita plush DBZ,CSTE_0505_ST_DBZ_Vegita_Plush,3
Piccolo plush DBZ,CSTE_0506_ST_DBZ_Piccolo_Plush,5
Trunks plush DBZ,CSTE_0507_ST_DBZ_Trunks_Plush,5
Mutter,CSTE_0508_ST_Mutter_Pea_Green,2
Duck Filled keychain,CSTE_0509_ST_Animal_Duck_Soft_Keychain,1
Space rabbit,CSTE_0510_ST_Animal_Space_Rabbit_Shimmery,0
Love cat,CSTE_0511_ST_Animal_Love_Cat_Multi,2
Amul Cow,CSTE_0512_ST_Animal_Cow_Plush,6
Alpaca,CSTE_0513_ST_Animal_Alpaca_Multi,3
Girafee,CSTE_0514_ST_Animal_Girafee_Colourful,2
Color Rabbit,CSTE_0515_ST_Animal_Rabbit_Colourful,2
Color Penguine,CSTE_0516_ST_Animal_Penguin_Colourful,5
Swan,CSTE_0517_ST_Animal_Swan_Multicolour,2
NEW CAT,CSTE_0518_ST_Animal_Cat_Plush,1
Flower Sit Duck,CSTE_0519_ST_Animal_Sitting_Duck_Flower,0
Wollen Cap dino,CSTE_0520_ST_Animal_Dino_Wollen_Cap,2
Coffee bear,CSTE_0521_ST_Animal_Coffee_Bear,4
Sea Horse,CSTE_0522_ST_Animal_Sea_Horse,1
Bow Sheep,CSTE_0523_ST_Animal_Bow_Sheep_White_Brown,3
MIX FRT POOH,CSTE_0524_ST_Animal_Pooh_Mix_Frt,3
Breathing Otter DarkBrown,CSTE_0525_ST_Animal_Breathing_Otter_DarkBrown,21
Breathing Otter Pink,CSTE_0526_ST_Animal_Breathing_Otter_Pink,57
Storage Organizer Grid 10 Grey,CSTE_0527_Organizer_Storage_Grid_10_Grey,40
Storage Organizer Grid 16 Grey,CSTE_0528_Organizer_Storage_Grid_16_Grey,49
Storage Organizer Grid 24 Grey,CSTE_0529_Organizer_Storage_Grid_24_Grey,15
Storage Organizer Grid 24 Cream,CSTE_0530_Organizer_Storage_Grid_24_Cream,25
Storage Organizer Lid Grey,CSTE_0531_Organizer_Storage_Lid_Grey,30
Breathing rabbit Grey,CSTE_0532_ST_Animal_Breathing_Rabbit_Grey,12
Breathing Koala Grey,CSTE_0533_ST_Animal_Breathing_Koala_Grey,18
Breathing Hello Kitty,CSTE_0534_ST_Animal_Breathing_Hello_Kitty,0
Breathing Sheep White,CSTE_0535_ST_Animal_Breathing_Lamb_Pink,0
Breathing Sheep Pink,CSTE_0536_ST_Animal_Breathing_Lamb_White,3
Soothing Breathing Capybara pink,CSTE_0537_ST_Animal_Breathing_CapyBara_pink,3
Penguin Yellow Plush,CSTE_0538_ST_Animal_Penguin_Yellow,5
Penguin Green Plush,CSTE_0539_ST_Animal_Penguin_Green,5
Breathing Lilo Stich Pink,CSTE_0540_ST_Animal_Breathing_Stich_Pink,29
Breathing Fox,CSTE_0541_ST_Animal_Breathing_Fox,31
Breathing Lucifer Cat,CSTE_0542_ST_Animal_Breathing_Lucifer_Cat,32
Breathing strawberry rabbit Pink,CSTE_0543_ST_Animal_Breathing_Strawberry_Rabbit,1
Breathing Sloth Grey,CSTE_0544_ST_Animal_Breathing_Sloth_Grey,10
Breathing Dog Brown,CSTE_0545_ST_Animal_Breathing_Dog_Brown,5
Lucifer Cat Black,CSTE_0546_ST_Animal_Lucifer_Cat_Black,1
Stich Hugging Duck,CSTE_0547_ST_Animal_Stich_Hug_Duck,22
Minecraft Creeper Small,CSTE_0548_ST_Minecraft_Creeper_Small,0
Brown Teddy Face Cat,CSTE_O0001_OT_TeddyFaceCat_Brown,42
Pink Teddy Face Cat,CSTE_O0002_OT_TeddyFaceCat_Pink,10
Teddy Face Cat Blue,CSTE_O0003_OT_TeddyFaceCat_Blue,40
White And Blue Teddy Cat,CSTE_O0004_OT_TeddyFaceCat_WhiteBlue,0
White And Pink Teddy Cat,CSTE_O0005_OT_TeddyFaceCat_WhitePink,0
Unicorn Small White Sleeper,CSTE_O0006_OT_UnicornSlipper_WhiteSmall,11
Unicorn Big White Sleeper,CSTE_O0007_OT_UnicornSlipper_WhiteBig,0
Minisize White And Red Teddy Bear,CSTE_O0008_OT_TeddyBear_WhiteRedSmall,0
Pink Teddy Bear Small,CSTE_O0009_OT_TeddyBear_PinkSmall,18
Yellow Sleeper Kissie,CSTE_O0010_OT_KissieSlipper_Yellow,0
Yellow Hear Eye Sleeper,CSTE_O0011_OT_HearEyeSlippper_Yellow,0
Red Hat Teddy Bear Big,CSTE_O0012_OT_HatTeddyBear_RedBig,0
Pink Hat Teddy Bear Big,CSTE_O0013_OT_HatTeddyBear_PinkBig,0
Cream Hat Teddy Bear,CSTE_O0014_OT_HatTeddyBear_CreamBig,0
Pinklove Teddy Bear,CSTE_O0015_OT_LoveTeddyBear_Pink,0
Light Brown Love Teddy Bear,CSTE_O0016_OT_LoveTeddyBear_LightBrown,0
Orange Love Teddy Bear,CSTE_O0017_OT_LoveTeddyBear_Orange,0
Big Cream Colour With Love Teddy Bear,CSTE_O0018_OT_LoveTeddyBear_CreamBig,0
Cream Love Teddy Bear Medium,CSTE_O0019_OT_LoveTeddyBear_CreamMedium,0
Pink Fur Pillow,CSTE_O0020_OT_FurPillow_Pink,0
Hat Teddy Bear Small Pink,CSTE_O0021_OT_HatTeddyBear_PinkSmall,6
Red Small Teddy Bear,CSTE_O0022_OT_TeddyBear_RedSmall,2
Cooky Pink Small Teddy Bear,CSTE_O0023_OT_CookyTeddyBear_PinkSmall,0
Cooky Red Small Teddy Bear,CSTE_O0024_OT_CookyTeddyBear_RedSmall,0
Minions Soft Toy,CSTE_O0025_OT_MinionsSoftToy,1
Chota Bheem Toy,CSTE_O0026_OT_SoftToyChotaBheem,0
Penguin Blue,CSTE_O0027_OT_Penguin_Blue,0
Penguin Grey,CSTE_O0028_OT_Penguin_Grey,0
Seating Elephant Blue,CSTE_O0029_OT_SittingElephant_Blue,2
Seating Elephant Pink,CSTE_O0030_OT_SittingElephant_Piink,0
Grey Standing Elephant,CSTE_O0031_OT_StandingElephant_Grey,12
Mickymouse,CSTE_O0032_OT_Mickymouse,0
Big Unicorn Light Pink,CSTE_O0033_OT_Unicorn_LightPinkBig,0
Pepa Pig Brothers Sister Soft Toy,CSTE_O0034_OT_PepaPigSiblingsSoftToy,0
Heart Fur Pillow Red,CSTE_O0035_OT_FurryHeartPillow_Red,0
Unicorn Mini Soft Toy Red,CSTE_O0036_OT_UnicornSoftToy_RedSmall,1
Unicorn Medium Soft Toy Blue,CSTE_O0037_OT_UnicornSoftToy_BlueMedium,8
Standing Elephant Purple,CSTE_O0038_OT_Standing Elephant _Purple,0
Cooky Teddy Bear Small,CSTE_O0039_OT_CookyTeddyBear_Small,0
Orangepillow,CSTE_O0040_OT_Pillow_Orange,1
Red Teddy Bear Medium,CSTE_O0041_OT_TeddybBear_RedMedium,0
Big Brown Teddy Bear,CSTE_O0042_OT_TeddybBear_BrownBIg,0
Filler Cushion,CSTE_O0043_OT_CushionFiller,0
Mask,CSTE_O0044_OT_Mask,0
Flash Card,CSTE_O0045_OT_FlashCard,0
Unicorn Pencil Set,CSTE_O0046_OT_UnicornPencilSet,4
Daignasour Pencil Set,CSTE_O0047_OT_DinasourPencilSet,0
Minions Pencil Set,CSTE_O0048_OT_MinionsPencilSet,0
Micky Mouse Pencil Set,CSTE_O0049_OT_MickyMousePencil Set,0
Mini Iron,CSTE_O0050_OT_Iron_Small,0
Hope Ball,CSTE_O0051_OT_HopeBall,0
Socker Ball,CSTE_O0052_OT_SoccerBall,0
Diy Kit Butterfly,CSTE_O0053_OT_DiyButterflyKit,2
Diy Kit Elephant,CSTE_O0054_OT_DiyElephantKit,0
Princess Digital Watch Blue,CSTE_O0055_OT_PrincessDigitalWatch_Blue,1
Princess Digital Watch Purple,CSTE_O0056_OT_PrincessDigitalWatch_Purple,0
Sofia Digital Watch Purple,CSTE_O0057_OT_SofiaDigitalWatch_Purple,0
Front And Back Memeory Card,CSTE_O0058_OT_MemoryCardFrontAndBack,0
Cactus Light,CSTE_O0059_OT_CactusLight,1
Marry Chritmas Light,CSTE_O0060_OT_ChristmasLight,0
Flying Pencil Set Blue,CSTE_O0061_OT_FlyingPencilSet_Blue,0
Flying Pencil Set Purple,CSTE_O0062_OT_FlyingPencilSet_Purple,0
Flying Pencil Set Pink,CSTE_O0063_OT_FlyingPencilSet_Pink,0
Gym Green Bottle,CSTE_O0064_OT_GymBottle_Green,0
Blue Mug,CSTE_O0065_OT_Mug_Blue,0
Squide Game Circle Bobble Head,CSTE_O0066_OT_SquidGameBobbleHead,0
Squide Game Ocoma Doll,CSTE_O0067_OT_SquidGameOcomeDoll,1
Squide Game Black Man Doll,CSTE_O0068_OT_SquidGameBlackMamDoll,0
Goku Bobble Head,CSTE_O0069_OT_BobbleHeadGoku,0
Dragon Ball-Zbobble Head,CSTE_O0070_OT_BobbleHeadDragonBall,0
Naruto Bobble Head,CSTE_O0071_OT_BoobleHead,0
Bts Bobble Head,CSTE_O0072_OT_BoobleHeadBts,0
Pikachu Bobble Head,CSTE_O0073_OT_BobbleHeadPikachu,0
Astronot Lamp,CSTE_O0074_OT_AstronautLamp,0
Planet Humi Difier,CSTE_O0075_OT_PlanetHumiDifier,0
Bts Dairy Blue Small,CSTE_O0076_OT_BtsDiary _BlueSmall,7
Bts Dairy Brown Small,CSTE_O0077_OT_BtsDiary _BrownSmall,7
Bts Dairy Green,CSTE_O0078_OT_BtsDiary _Green,6
Bts Dairy Pink,CSTE_O0079_OT_BtsDiary _Pink,1
Astronout Pen,CSTE_O0080_OT_AstronautPen,0
Unicorn Blue Pen,CSTE_O0081_OT_UnicornPen_Blue,0
Unicorn Pink Pen,CSTE_O0082_OT_UnicornPen_Pink,0
Unicorn White Pen,CSTE_O0083_OT_UnicornPen_White,0
Zebra Lamp,CSTE_O0084_OT_ZebraLamp,0
Mini Table Lamp,CSTE_O0085_OT_TableLamp_Small,0
Cartoon Table Lamp,CSTE_O0086_OT_CartoonTableLamp,0
Pig Family Set,CSTE_O0087_OT_PigFamilySet,0
Study Light,CSTE_O0088_OT_StudyLight,0
Mini Lamp Black,CSTE_O0089_OT_Lamp_BlackSmall,0
Cube Silver,CSTE_O0090_OT_Cube_Silver,1
Unicorn Bottle Blue,CSTE_O0091_OT_UnicornBottle_Blue,0
Rubics Cube Triangle,"CSTE_O0092_OT_TriangleRubik""sCube",0
Cola Bottle,CSTE_O0093_OT_ColaBottle,0
Burger Lunch Box,CSTE_O0094_OT_BurgerLunchBox,0
Dancing Dog,CSTE_O0095_OT_DancingDog,0
Hitashi Bobble Head,CSTE_O0096_OT_HitashiBobbleHead,0
Wiss Toy,CSTE_O0097_OT_WissToy,0
Pigcar Toy,CSTE_O0098_OT_PigCarToy,0
Toothbrush Holder Grey,CSTE_O0099_OT_ToothBrushHolder_Grey,1
Toothbrush Holder Green,CSTE_O0100_OT_ToothBrushHolder_Green,0
Toothbrush Holder White,CSTE_O0101_OT_ToothBrushHolder_White,0
Tooth Brush Kit,CSTE_O0102_OT_ToothBrushKit,5
Goku Action Figur,CSTE_O0103_OT_GokuActionFigur,0
Heart Table Light,CSTE_O0104_OT_HeartTableLight,1
Knife Sharpner,CSTE_O0105_OT_KnifeSharpener,0
Ballons Set,CSTE_O0106_OT_BalloonsSet,0
Hello Kitty Spoon Set,CSTE_O0107_OT_HelloKittySpoonSet,3
Koya Metal Keychain,CSTE_O0108_OT_KoyaKeychainMetal,0
Cooky Metal Keychain,CSTE_O0109_OT_CookyMetalKeychain,1
Chimmy Metal Key Chain,CSTE_O0110_OT_ChimmyKeyChainMetal,0
Rj Metal Keychain,CSTE_O0111_OT_RjKeycahinMetal,3
Sheoky Metal Keychain,CSTE_O0112_OT_ShookyKeychainMetal,2
Mang Metal Keychain,CSTE_O0113_OT_MangKeychainMetal,4
Tata Metal Keychain,CSTE_O0114_OT_TataMetalKeychain,2
Van Metal Keychain,CSTE_O0115_OT_VanMetalKeychain,2
Bts Metal Keychain All Ch,CSTE_O0116_OT_BtsKeychainMetal,0
Kitty Bobble Head,CSTE_O0117_OT_KittyBobbleHead,0
Woooden Pouch Brown,CSTE_O0118_OT_WoodenPouch_Brown,1
Woooden Pouch Dark Brown,CSTE_O0119_OT_WoodenPouch_DarkBrown,1
Dolphine Bubble Machine,CSTE_O0120_OT_DolphinBubbleMachine,0
Tea Coster Tree Green,CSTE_O0121_OT_TreeTeaCoaster_Green,0
Tea Coster Whale Blue,CSTE_O0122_OT_WhaleTeaCoaster_Blue,5
Donut Tea Coster Cream,CSTE_O0123_OT_DonutTeaCoaster_Cream,0
Ice Cream Tea Coster Orange,CSTE_O0124_OT_IceCreamTeaCoaster_Orange,0
Candy Tea Coster Green,CSTE_O0125_OT_CandyTeaCoaster_Green,0
Ship Tea Coster Dark Blue,CSTE_O0126_OT_ShipTeaCoaster_DarkBlue,0
Digital Watch Red,CSTE_O0127_OT_DigitalWatch_Red,0
Digital Watch Black,CSTE_O0128_OT_DigitalWatch_Black,0
Ice Cube Tray,CSTE_O0129_OT_IceCubeTray,0
Shoe Wipes,CSTE_O0130_OT_ShoeWipes,0
Smart Extension,CSTE_O0131_OT_SmartExtension,1
Astronout Mini Idol,CSTE_O0132_OT_AstronautIdol_Small,0
Unocard,CSTE_O0133_OT_UnoCards,0
Bts Rubber Mang Keychain,CSTE_O0134_OT_BtsrMangKeychainRubber,0
Bts Rubber Tata Key Chain,CSTE_O0135_OT_BtsTataKeychainRubber,0
Bts Rubeer Shooky Key Chain,CSTE_O0136_OT_      BtsShookyKeychainRubber,0
Bts Rubeer Van Keychain,CSTE_O0137_OT_BtsVanKeychainRubber,0
Bts Rubber Rj Keychain,CSTE_O0138_OT_BtsRjKeychainRubber,0
Mini Fry Pan Green,CSTE_O0139_OT_FryPan_GreenSmall,0
Mini Fry Pan Blue,CSTE_O0140_OT_FryPan_BlueSmall,0
Mini Fry Pan Red,CSTE_O0141_OT_FryPan_RedSmall,0
Mini Fry Pan Brown,CSTE_O0142_OT_FryPan_BrownSmall,0
Bts Mini Bag,CSTE_O0143_OT_BtsBag_Browny,0
Brown Mini Puppy Bobble Head,CSTE_O0144_OT_PuppyBobbleHead_BrownSmall,0
Micky Mouse 3D Sticker,CSTE_O0145_OT_MickyMouse3dSticker,0
Digital Camera Blue,CSTE_O0146_OT_DigitalCamera_Blue,1
Airplane Toy,CSTE_O0147_OT_AirplaneToy,0
Harry Potter Big Bobble Head,CSTE_O0148_OT_HarryPotterBobbleHead_Big,0
Socker Plastic Shirt Toy,CSTE_O0149_OT_SoccershirtToy,0
Happy Birthday Candle,CSTE_O0150_OT_HappyBirthdayCandle,2
Shinchan Mini Bobble Headset,CSTE_O0151_OT_ShinchanBobbleHead_Small,0
Momos Maker White,CSTE_O0152_OT_MomosMaker_White,0
Momos Maker Blue,CSTE_O0153_OT_MomosMaker_Blue,0
Tea Coaster,CSTE_O0154_OT_TeaCoster,0
Pikachu Phone Holder,CSTE_O0155_OT_PikachuPhoneHollder,0
Bts All Character Big Dairy,CSTE_O0156_OT_AllCharactersBtsDiary_Big,0
Wooden Scale,CSTE_O0157_OT_WoodenScale,0
Doraemon Spoon Set,CSTE_O0158_OT_DoraemonSpoonSet,0
Filter Tea Ball,CSTE_O0159_OT_FilterTeaBall,0
Black Sunglasses Box Lether Type,CSTE_O0160_OT_SunglassesBoxLeather_Black,29
Black Sunglasses Box Plastic,CSTE_O0161_OT_SunglassesBoxPlastic_Black,0
Watch Box,CSTE_O0162_OT_WatchBox,24
White Sunglasess Box Plastic,CSTE_O0163_OT_SunglassesBoxPlastic_White,0
Burger Lunch Box Circle,CSTE_O0164_OT_CircleLunchBox,0
Big Lunch Box Dark Green,CSTE_O0165_OT_LunchBox_DarkGreenBig,0
Big Lunch Box Light Pink,CSTE_O0166_OT_LunchBox_PinkBig,0
Jewellery Stand Plastic,CSTE_O0167_OT_PlasticJewelleryStand,0
Jewellery Stand Metal,CSTE_O0168_OT_MetalJewelleryStand,0
Abcd Magnet,CSTE_O0169_OT_AbcdMagnet,0
Drunk Glass,CSTE_O0170_OT_DrunkGlass,0
Plantable Blue Pencil,CSTE_O0171_OT_PlantablePencil_Blue,0
Plantable  White Pencil,CSTE_O0172_OT_PlantablePencil_White,12
Plantable Purple Pencil,CSTE_O0173_OT_PlantablePencil_Purple,0
Plantable Orange Pencil,CSTE_O0174_OT_PlantablePencil_Orange,0
Plant Able Dark Yellow Pencil,CSTE_O0175_OT_PlantablePencil_Yellow,0
Plant Table Orange Pencil,CSTE_O0176_OT_PlantablePencil_Orange,0
Transport Water Pack,CSTE_O0177_OT_Waterpark,0
Micky Mouse Pencil Set,CSTE_O0178_OT_          MickyMousePencilSet,0
Bts Mini Figur Bobble Head,CSTE_O0179_OT_TransportWaterPack,0
Bts Big Bobble Head,CSTE_O0180_OT_BtsFigureBoobleHead_Small,0
Naruto Mini Bobble Head,CSTE_O0181_OT_NarutoBobbbleHead_Small,0
Cactus Pen Pot White,CSTE_O0182_OT_CactusPenPot_White,0
Golden Cards,CSTE_O0183_OT_GoldenCards,1
Butterfly Toy,CSTE_O0184_OT_ButterflyToy,20
Bts Sticker,CSTE_O0185_OT_BtsSticker,0
Oximeter Tft,CSTE_O0186_OT_OximeterTft,9
Oximeter Oled,CSTE_O0187_OT_OximeterOled,0
Rocket Bubble Gun,CSTE_O0188_OT_RocketBubbleGum,0
Chimmy Sling Bag Small,CSTE_O0189_OT_ChimmySlingBag_Small,0
Cooky Sling Bag Small,CSTE_O0190_OT_CookySlingBag_Small,4
Shooky Sling Bag Small,CSTE_O0191_OT_ShookySlingBag_Small,15
Tata Sling Bag Small,CSTE_O0192_OT_TataSlingBag_Small,10
Koya Sling Bag Small,CSTE_O0193_OT_KoyaSlingBag_Small,13
Mang Sling Bag Small,CSTE_O0194_OT_MangSlingBag_Small,13
Green Collage Sling Bag,CSTE_O0195_OT_CollageSlingBag_Green,0
Grey Collage Sling Bag,CSTE_O0196_OT_CollageSlingBag_Grey,0
Mang Pencil Pouch,CSTE_O0197_OT_              MangPencilPouch,0
Mr Bean Bag,CSTE_O0198_OT_MrBeanBag,0
Mini Mouse And Mickey Mouse,CSTE_O0199_OT_MiniAndMickeyMouse,1
Panda Sling Bad Pink,CSTE_O0200_OT_PandaSlingBag_Pink,0
Night Scope,CSTE_O0201_OT_NightScope,0
Rj Pencil Pouch,CSTE_O0202_OT_RjPencilPouch,0
Baby Slap Pad,CSTE_O0203_OT_BabySlapPad,3
Sealing Machine,CSTE_O0204_OT_SealingMachine,0
Educational Stick Building Blocks,CSTE_O0205_OT_EducationalStickBuildingBox,0
Educational Building Blocks,CSTE_O0206_OT_EducationalBuildingBox,1
Magic Water Pen And Book,CSTE_O0207_OT_MagicWaterPenAndBook,4
Jerry Bobble Head,CSTE_O0208_OT_JerryBobbleHead,0
Qumity Fire,CSTE_O0209_OT_QumityFire,0
Ludo Box,CSTE_O0210_OT_LudoBox,0
Unicorn Phone Holder,CSTE_O0211_OT_UnicornPhoneHolder,0
Squide Game Big Key Chain,CSTE_O0212_OT_SquidGameKeychain_Big,0
Squide Game Small Keychain,CSTE_O0213_OT_SquidGameKeychain_Small,0
Hayromi Keychain,CSTE_O0214_OT_HayromiKeychain,0
Weed Sticker,CSTE_O0215_OT_WeedSticker,0
Guasha Zadle Roler Green,CSTE_O0216_OT_GuashaAndJadeRoler,0
Zade Roler,CSTE_O0217_OT_JadeRoler,0
Black And Red Eye Lashesh,CSTE_O0218_OT_Eyelashes_BlackRed,47
Popit Circle,CSTE_O0219_OT_CirclePopit,0
Popit Square,CSTE_O0220_OT_SquarePopit,0
Octangle Popit,CSTE_O0221_OT_OctanglePopit,0
Heart Popit,CSTE_O0222_OT_HeartPopit,0
Pink Eye Lashesh,CSTE_O0223_OT_Eyelashes_Pink,20
5D Eye Lashesh,CSTE_O0224_OT_5dEyelashes,20
Circle Eyelashesh,CSTE_O0225_OT_CircleEyelashes,15
Black Eye Lashesh,CSTE_O0226_OT_Eyelashes_Black,24
Lipstick,CSTE_O0227_OT_Lipstick,0
Car Pen,CSTE_O0228_OT_CarPen,0
Guasha White,CSTE_O0229_OT_Guasha_White,0
Guasha Pink,CSTE_O0230_OT_Guasha_Pink,0
Guasha Black,CSTE_O0231_OT_Guasha_Black,0
Chimmy Eye Mask,CSTE_O0232_OT_ChimmyEyeMask,0
Mang Eye Mask,CSTE_O0233_OT_MangEyeMask,0
Tata Eye Mask,CSTE_O0234_OT_TataEyemask,0
Happy Birthday Red Ballon,CSTE_O0235_OT_HappyBitrhdayBalloon_Red,15
Happy Birthday Golden Ballon,CSTE_O0236_OT_HappyBitrhdayBalloon_Golden,0
Happy Birthday Blue Ballon,CSTE_O0237_OT_HappyBitrhdayBalloon_Blue,8
Happy Birthday Silver Ballon,CSTE_O0238_OT_HappyBitrhdayBalloon_Silver,6
Happy Anniversery Golden,CSTE_O0239_OT_HappyBitrhdayBalloon_Golden,14
Happy Birthday Light Blue,CSTE_O0240_OT_HappyBitrhdayBalloon_LightBlue,9
Happy Birthday Pink,CSTE_O0241_OT_HappyBitrhdayBalloon_Pink,12
Happy Anniversery Silver,CSTE_O0242_OT_HappyAnniversary_Silver,0
Wine Combo Ballon,CSTE_O0243_OT_WineComboBalloon,2
Naruto Eye Mask,CSTE_O0244_OT_NarutoEyeMask,4
I Love Ballon Red,CSTE_O0245_OT_LoveBalloons_Red,4
Bottle Ballon Girl,CSTE_O0246_OT_GirlBalloonBottle,2
Baby Boy Ballon Mini,CSTE_O0247_OT_BabyBoyBalloon,2
Baby Shower Ballon,CSTE_O0248_OT_BabyShowerBalloon,1
Unicorn Ballon,CSTE_O0249_OT_UnicornBalloon,1
First Birthday Girl,CSTE_O0250_OT_GirlFirstBirthday,0
Happy Anniversery Mini Circle,CSTE_O0251_OT_HappyAnniversaryCircle,0
B+21 Dairy,CSTE_O0252_OT_B+21Dairy,0
3D Eraser,CSTE_O0253_OT_3dEraser,3
Happy Birthday Black Ballon,CSTE_O0254_OT_HappyBirthdayBalloon_Black,0
Ribbons,CSTE_O0255_OT_Ribbons,0
Wooden Big Box,CSTE_O0256_OT_WoodenBox,0
Slim Pink,CSTE_O0257_OT_Slime_Pink,0
Slim Yellow,CSTE_O0258_OT_Slime_Yellow,0
Slim Green,CSTE_O0259_OT_Slime_Green,0
Slim Blue,CSTE_O0260_OT_Slime_Blue,0
Slim Purple,CSTE_O0261_OT_Slime_Purple,0
Bottle Handle,CSTE_O0262_OT_BottleHandle,0
Groot Mini Bobble Head,CSTE_O0263_OT_GrootBobbleHead,0
Koya Big Sling Bag,CSTE_O0264_OT_KoyaSlingBag,0
Doramon Bobble Head,CSTE_O0265_OT_DoraemonBobbleHead,0
Money Heist Mask,CSTE_O0266_OT_MoneyHeistMask,3
Money Heist Mask With Cloth,CSTE_O0267_OT_MoneyHeistMaskWithCloth,0
Squide Game Mask Square,CSTE_O0268_OT_SquidGameSquareMask,0
Squide Game Mask Triangle,CSTE_O0269_OT_SquidGameTriangleMask,0
Mang Pen,CSTE_O0270_OT_MangPen,0
Shooky Pen,CSTE_O0271_OT_ShookyPen,0
Paris Dairy,CSTE_O0272_OT_ParisDiary,0
Unicorn Metal Bag,CSTE_O0273_OT_MetalUnicornBag,0
Pig Home Set,CSTE_O0274_OT_PigHomeSet,0
Naruto Metal,CSTE_O0275_OT_MetalNaruto,2
3D Eraser,CSTE_O0276_OT_3DEraser,0
Camera Cup,CSTE_O0277_OT_CameraCup,0
Alarm Watch Blue,CSTE_O0278_OT_AlarmWatch_Blue,0
Chota Bheem Piano,CSTE_O0279_OT_ChotaBheemPiano,0
Frozen Table Set,CSTE_O0280_OT_FrozenTableSet,0
Cartoon Correction Tape Tata,CSTE_O0281_OT_TataCartoonCorrectionTape,0
Cartoon Correction Tape Cooky,CSTE_O0282_OT_CookyCartoonCorrectionTape,3
Cartoon Correction Tape Chimmy,CSTE_O0283_OT_chimmyCartoonCorrectionTape,1
Cartoon Correction Tape Rj,CSTE_O0284_OT_RjCartoonCorrectionTape,1
Cartoon Correction Tape Mang,CSTE_O0285_OT_MangCartoonCoreectionTape,5
Cartoon Correction Tape Koya,CSTE_O0286_OT_KoyaCartoonCorrectionTape,3
Rj Pen,CSTE_O0287_OT_RjPen,0
Shinchan Mini Figure Set6,CSTE_O0288_OT_ShinchanFigureSet,3
Tom And Jerry Mini Figure Set5,CSTE_O0289_OT_TomAndJerryMiniFigureSet5,0
Bts Character Mini Keychain,CSTE_O0290_OT_BtsKeychain,0
Heart Light White,CSTE_O0291_OT_HeartLight_White,1
Metal Fry Pan Small,CSTE_O0292_OT_MetalFryPan,0
White Puppy Bobble Head,CSTE_O0293_OT_PuppyBobbleHead,3
Star Light,CSTE_O0294_OT_StarLight,0
Heart Light,CSTE_O0295_OT_HeartLight,0
Diya Light,CSTE_O0296_OT_DiyaLight,6
Sweet Box,CSTE_O0297_OT_SweetBox,0
Coin Pouch,CSTE_O0298_OT_CoinPouch,3
Somny Mug,CSTE_O0299_OT_SomnyMug,0
Flying Ball,CSTE_O0300_OT_FlyingBox,0
Donut Mug,CSTE_O0301_OT_DonutMug,0
3D White Cloud Mug,CSTE_O0302_OT_WhiteCloudMug3d,0
Panda Mug,CSTE_O0303_OT_PandaMug,0
Somny Red Milk Mug,CSTE_O0304_OT_SomnyMilkMug,3
Unicorn Mug,CSTE_O0305_OT_UnicornMug,0
Unicorn Planttable Dairy Pink,CSTE_O0306_OT_UnicornPlantableDiary_Pink,88
Unicorn Plantable Dairy Black,CSTE_O0307_OT_UnicornPlantableDiary_Black,113
Satoshi Plantable Dairy Black,CSTE_O0308_OT_SatoshiPlantableDiary_Black,0
Crypto Plantable Dairy,CSTE_O0309_OT_CryptoPlantableDiary,8
Neon Light,CSTE_O0310_OT_NeonLight,0
Solar Ganesha Gold,CSTE_O0311_OT_SolarGanesha_Gold,0
Solar Ganesha Skin Small,CSTE_O0312_OT_SolarGaneshaSkin_Small,0
Solar Ganesha Skin Big,CSTE_O0313_OT_GaneshaSolarSkin_Big,0
Butterfly Black mask,CSTE_O0314_OT_Butterflymask_Black,0
Black appel watch,CSTE_O0315_OT_appelwatch_Black,2
pink squre watch,CSTE_O0316_OT_Squrewatch_Pink,0
Pink circle watch,CSTE_O0317_OT_Circlewatch_Pink,0
Black circle watch,CSTE_O0318_OT_circlewatch_Black,0
Multi color Cloth watch,CSTE_O0319_OT_Clotheswatch_Multicolor,0
Black Square Watch,CSTE_O0320_OT_Square Watch_Black,5
Grey Square watches,CSTE_O0321_OT_Square watches_Grey,0
Puppy Cream color,CSTE_O0322_OT_Puppy_Cream,0
Brown and White cat,CSTE_O0323_OT_Cat_Brownwhite,0
White Doll,CSTE_O0324_OT_Doll_White,3
Pikachu,CSTE_O0325_OT_Pikachu_,2
Raichu blue,CSTE_O0326_OT_Raichu_Blue,0
Fur Penguin,CSTE_O0327_OT_FurPenguin_,0
Bird Pillow Grey,CSTE_O0328_OT_BirdPillow_Grey,0
Ghost White,CSTE_O0329_OT_Ghost_White,0
Ghost black,CSTE_O0330_OT_Ghost_Black,0
Green soft toy,CSTE_O0331_OT_Green soft toy_,0
Big head cat Yellow,CSTE_O0332_OT_Bighead_Yellow,0
Small head cat yellow,CSTE_O0333_OT_SmallHead_Orange,0
Chimmy Pencil Pouch,CSTE_O0334_OT_ChimmyPencilPouch_,0
Pepa Pig Family set,CSTE_O0335_OT_PepapigFamily_,2
Big hand pink black,CSTE_O0336_OT_BigHand_blackpink,0
Tea Pad,CSTE_O0337_OT_Teapad_,0
Car Toons Pencil set,CSTE_O0338_OT_Cartoons_pencil_,0
Color pencil set,CSTE_O0339_OT_ColorPencil_,0
Unicorn Spoon Set,CSTE_O0340_OT_Unicornspoonset_,0
USB Transparent Lamp,CSTE_O0341_OT_USBTransparentlamp_,0
Artificial Tree,CSTE_O0342_OT_ArtificialTree_,0
Microscope,CSTE_O0343_OT_Microscope_,0
Cap Black,CSTE_O0344_OT_Cap_Black,0
Cap Grey,CSTE_O0345_OT_Cap_Grey,0
Vaporiser,CSTE_O0346_OT_Vaporiser_,0
Van pencil pouch,CSTE_O0347_OT_VanPencilPouch_,0
Tata Pencil Pouch,CSTE_O0348_OT_TataPencilPouch_,0
Cooky Pencil Pouch,CSTE_O0349_OT_CookyPencilPouch_,0
Koya Pencil Pouch ,CSTE_O0350_OT_KoyaPencilPouch_,0
Bts Rubber Cooky Key Chain,CSTE_O0351_OT_BtsCookyKeychainRubber_,0
Bts Rubber koya Key Chain,CSTE_O0352_OT_BtsKoyaKeychainRubber_,0
Square Watches Combo Black Pink,CSTE_O0353_OT_SquareWatchesCombo_BlackPink,0
 LeatherBelt Black,CSTE_O0354_OT_ LeatherBelt_Black,0
GlowStick Glasses,CSTE_O0355_OT_GlowStick_Glasses,0
WaterSensor Diya,CSTE_O0356_OT_WaterSensor_Diya,0
 BTS Pillow Cover,CSTE_O0357_OT_Pillow_Cover_BTS,34
IronMan Bobblehead,CSTE_O0358_OT_IronMan_Bobblehead,0
CaptainAmerica Booblehead,CSTE_O0359_OT_CaptainAmerica _Bobblehead,0
HarryPotter Pocket_Watch,CSTE_O0360_OT_HarryPotter_Pocket_Watch,0
HarryPotter Stickers,CSTE_O0361_OT_HarryPotter_Stickers,6
HarryPotter Scarf,CSTE_O0362_OT_HarryPotter_Scarf,0
Harry Potter Logo 3d Lamp,CSTE_O0363_OT_HarryPotter_Logo_3d_Lamp,0
Harry potter Snitch Ball 3d lamp,CSTE_O0364_OT_HarryPotter_SnitchBall_3d_Lamp,0
Happy Birthday 3d Lamp,CSTE_O0365_OT_HappyBirthday_3d_Lamp,0
DragonBall Slipper,CSTE_O0366_OT_DragonBall_Slipper,2
Belt With Hp Sunglass,CSTE_O0367_OT_Belt_Sunglass_Combo,0
Rj Eye Mask,CSTE_O0368_OT_Rj_Eye Mask,0
Chopping board,CSTE_O0369_OT_Chopping_board,0
Clip Light,CSTE_O0370_OT_Clip _Light,0
Shooky pencil pouch,CSTE_O0371_OT_ShookyPencilPouch_,0
Butterfly Sling Bag,CSTE_O0372_OT_Butterfly _ Sling_Bag,0
Gitter Sling Bag,CSTE_O0373_OT_Gitter _ Sling_Bag,0
Princess Crown,CSTE_O0374_OT_Princess _CrownWand,0
Princess Wand,CSTE_O0375_OT_Princess _Wand,0
Makeup Brushes Set ,CSTE_O0376_OT_Makeup_Brushes_Set,4
Tools Set,CSTE_O0377_OT_Tools_Set_,0
Dancing Cactus,CSTE_O0378_OT_Dancing_Cactus_,0
Naruto Action Figure Set,CSTE_O0379_OT_Naruto_ ActionFigure_Set,0
peppa pig spoon set,CSTE_O0380_OT_PepaPig_Spoon_set,1
Goku keychain,CSTE_O0381_OT_Goku _keychain,0
OrangeBlack Bts Diary,CSTE_O0382_OT_OrangeBlack_Bts_Diary,1
BTS21 Multicolour Diary,CSTE_O0383_OT_BTS21 _Multicolour_Diary,0
Sling Bag Bear,CSTE_O0383_OT_Sling_Bag_Bear,0
Barbie Doll ,CSTE_O0384_OT_Barbie_Doll,0
Barbie Cell phone,CSTE_O0385_OT_Barbie _Cell Phone,0
Candle Holder Deer,CSTE_O0386_OT_Candle_Holder_Deer,0
Holi T-Shirt ,CSTE_O0387_OT_Holi_Tshirt,0
Holi Gulal Rang,CSTE_O0388_OT_Holi_Gulal,0
Holi Colour Fog,CSTE_O0389_OT_Holi_Colour_Fog,0
Toiletry Travel Bottle,CSTE_O0390_OT_Toiletry_Bottles,35
FlowerPink Sunglass Case,CSTE_O0391_OT_SG_Case_FlowerPink,0
FlowerBlue Sunglass Case,CSTE_O0392_OT_SG_Case_FlowerBlue,0
HeartBlack Sunglass Case,CSTE_O0393_OT_SG_Case_HeartBlack,10
HeartPink Sunglass Case,CSTE_O0394_OT_SG_Case_HeartPink,4
BunnyPink Sunglass Case,CSTE_O0395_OT_SG_Case_BunnyPink,1
BunnyWhite Sunglass Case,CSTE_O0396_OT_SG_Case_BunnyWhite,0
Goggle Black Sunglass Case,CSTE_O0397_OT_SG_Case_GoggleBlack,1
Circle pink Sunglass Case,CSTE_O0398_OT_SG_Case_CirclePink,2
Horn Black Sunglass Case,CSTE_O0399_OT_SG_Case_HornBlack,0
Wink Cat Keyholder pink,CSTE_O0400_OT_KeyHolder_WinkCat_Pink,0
Wink Cat Keyholder purple,CSTE_O0401_OT_KeyHolder_WinkCat_Purple,0
Wink Cat Keyholder Black,CSTE_O0402_OT_KeyHolder_WinkCat_Black,0
Wink Cat Keyholder Cream,CSTE_O0403_OT_KeyHolder_WinkCat_Cream,0
Wink Cat Keyholder White,CSTE_O0404_OT_KeyHolder_WinkCat_White,0
Wink Cat Keyholder Green,CSTE_O0405_OT_KeyHolder_WinkCat_Green,0
Cat KeyHolder Blue,CSTE_O0406_OT_KeyHolder_Cat_Blue,0
Cat KeyHolder Pink,CSTE_O0407_OT_KeyHolder_Cat_Pink,0
Cat KeyHolder Green,CSTE_O0408_OT_KeyHolder_Cat_Green,0
Cat KeyHolder White,CSTE_O0409_OT_KeyHolder_Cat_White,0
Sunglass Orgnizer Brown,CSTE_O0410_OT_SG_Orgnizer_Brown,0
Sunglass Orgnizer Black,CSTE_O0411_OT_SG_Orgnizer_Black,0
Man on Moon Lamp,CSTE_O0412_OT_Lamp_Man_On_Moon,8
dolphin Lamp,CSTE_O0413_OT_Lamp_Dolphin,0
Dolphin Cloud Lamp,CSTE_O0414_OT_Lamp_Dolphin_Cloud,0
Unicorn Geometry Box,CSTE_O0415_OT_Unicorn_Geometry_Box,3
Rain cards,CSTE_O0416_OT_Rain_Cards,0
Bunny lamp,CSTE_O0417_OT_Bunny_Lamp,2
Standing Doll Bts Chimmy,CSTE_O0418_OT_Standing_Doll_Chimmy,0
Standing Doll Bts Tata,CSTE_O0419_OT_Standing_Doll_Tata,1
Standing Doll Bts koya,CSTE_O0420_OT_Standing_Doll_Koya,3
Standing Doll Bts Mang,CSTE_O0421_OT_Standing_Doll_Mang,0
Standing Doll Bts Shooky,CSTE_O0422_OT_Standing_Doll_Shooky,0
Standing Doll Bts Van,CSTE_O0423_OT_Standing_Doll_Van,4
Standing Doll Bts Cooky,CSTE_O0424_OT_Standing_Doll_Cooky,0
Standing Doll Bts Rj,CSTE_O0425_OT_Standing_Doll_Rj,0
Emoji Pillow,CSTE_O0426_OT_Emoji_Pillow,0
Chimmy Soft keychain,CSTE_O0427_OT_Soft_Keychain_Chimmy,0
Tata Soft keychain,CSTE_O0428_OT_Soft_Keychain_Tata,0
Koya Soft keychain,CSTE_O0429_OT_Soft_Keychain_Koya,1
Mang Soft keychain,CSTE_O0430_OT_Soft_Keychain_Mang,4
Shooky Soft keychain,CSTE_O0431_OT_Soft_Keychain_Shooky,0
Van Soft keychain,CSTE_O0432_OT_Soft_Keychain_Van,0
Cooky Soft keychain,CSTE_O0433_OT_Soft_Keychain_Cooky,0
Rj Soft keychain,CSTE_O0434_OT_Soft_Keychain_Rj,0
Small Teddy White,CSTE_O0435_OT_Teddy_Small_white,4
Dinasour Soft toy,CSTE_O0436_OT_Dinasour_Soft_toy,3
Duck Soft toy,CSTE_O0437_OT_Duck_Soft_toy,3
Hellokitty Bag,CSTE_O0438_OT_Hellokitty_Bag,1
Bunny Sling Bag,CSTE_O0439_OT_Bunny_Sling_Bag,2
Cushion Pink,CSTE_O0440_OT_Cushion_Pink,3
Spining_Wheel,CSTE_O0441_OT_Spining_Wheel_Wooden,0
Squeeze white,CSTE_O0442_OT_Squeeze_White,2
Squeeze Yellow,CSTE_O0443_OT_Squeeze_Yellow,3
Squeeze Purple,CSTE_O0444_OT_Squeeze_Purple,0
Rubber Glue Sand Monkey,CSTE_O0445_OT_Glue_Sand_Rubber_Monkey,3
Rubber Glue Sand Pig,CSTE_O0446_OT_Glue_Sand_Rubber_Pig,3
Clip Rope,CSTE_AMZ001_OT_Clip_Rope,20
Nylon Rope,CSTE_AMZ002_OT_Rope_Nylon,0
Shoes Wipe,CSTE_AMZ003_OT_Shoes_Wipe_Black,0
Hair Remover Stone,CSTE_AMZ004_OT_Hair_Remover_Stone,1
Airtight Container 700ml,CSTE_AMZ005_OT_Airtight_Container_700ml,0
Airtight Container 1100ml,CSTE_AMZ006_OT_Airtight_Container_1100ml,0
Illusion mat Black & White Small,Caaju_home_DS_3DCarpet_B&W,0
Foldable Shoe Rack,Caaju_home_DS_Foldable_ShoeRack,0
Bamboo Socks Pink,XEXY_0001_Accs_Bamboo_Xocks_Pink,91
K9 Microphone,XEXY_0002_Accs_Electronics_Mic_K9,69
K15 Microphone,XEXY_0003_Accs_Electronics_Mic_K15,0
USB Hub Adaptor,XEXY_0004_Accs_Electronics_USB_Hub,0
Tripod K31,XEXY_0005_Accs_Electronics_Tripod_K31,1
Lightning OTG Adapter,XEXY_0006_Accs_Electronics_OTG_Adapter,47
Breathing Otter Grey,CSTE_0549_ST_Animal_Breathing_Otter_Grey,14
Kangaroo plush toy,CSTE_O0447_OT_Kangaroo_Plush,1
