Combo,SKU1,SKU2,SKU3,SKU4,SKU5,SKU6,SKU7,SKU8,SKU9,SKU10,SKU11,SKU12,SKU13,SKU14,
CSTE_0341_Wands_Hermoine_Sunglasas,CSTE_0291_OT_Hermoine_wand,CSTE_0319_SG_HarryPotter_Round,,,,,,,,,,,,,
CSTE_0359_Wands_Hermoine_light_Sg,CSTE_0331_Wands_Hermoine_Light,CSTE_0319_SG_HarryPotter_Round,,,,,,,,,,,,,
CSTE_0354_Wands_Hermoine_light_MB,CSTE_0331_Wands_Hermoine_Light,CSTE_0020_MB_HP_Black,,,,,,,,,,,,,
CSTE_0335_Wands_Hermoine_MusicBox,CSTE_0291_OT_Hermoine_wand,CSTE_0020_MB_HP_Black,,,,,,,,,,,,,
CSTE_0358_Wands_Dumbledore_light_Sg,CSTE_0333_Wands_Dumbledore_Light,CSTE_0319_SG_HarryPotter_Round,,,,,,,,,,,,,
CSTE_0342_Wands_Dumbledore_Sunglasas,CSTE_0292_OT_Dumbledore_wand,CSTE_0319_SG_HarryPotter_Round,,,,,,,,,,,,,
CSTE_0353_Wands_DumbleD_light_MB,CSTE_0333_Wands_Dumbledore_Light,CSTE_0020_MB_HP_Black,,,,,,,,,,,,,
CSTE_0355_Wands_HP_light_Sg,CSTE_0330_Wands_Harrypotter_Light,CSTE_0319_SG_HarryPotter_Round,,,,,,,,,,,,,
CSTE_0340_Wands_Harrypotter_Sunglasas,CSTE_0294_OT_Harrypotter_new_wand,CSTE_0319_SG_HarryPotter_Round,,,,,,,,,,,,,
CSTE_0350_Wands_Harrypotter_light_MB,CSTE_0330_Wands_Harrypotter_Light,CSTE_0020_MB_HP_Black,,,,,,,,,,,,,
CSTE_0357_Wands_Voldemort_Light_Sg,CSTE_0332_Wands_LordVoldmort_Light,CSTE_0319_SG_HarryPotter_Round,,,,,,,,,,,,,
CSTE_0352_Wands_Voldemort_Light_MB,CSTE_0332_Wands_LordVoldmort_Light,CSTE_0020_MB_HP_Black,,,,,,,,,,,,,
CSTE_0345_Wands_Snape_Sunglasas,CSTE_0295_OT_Snape_wand,CSTE_0319_SG_HarryPotter_Round,,,,,,,,,,,,,
Minecraft_Small_Sword_Steve,CSTE_0470_ST_Minecraft_Sword_Small,CSTE_0418_ST_MineCraft_Steve,,,,,,,,,,,,,
ST-BTS-cooky-tata-FBA,CSTE_0007_ST_Bts_Pillow_Cooky,CSTE_0002_ST_Bts_Pillow_Tata,,,,,,,,,,,,,
ST-BTS-Cooky-RJ-FBA,CSTE_0007_ST_Bts_Pillow_Cooky,CSTE_0008_ST_Bts_Pillow_Rj,,,,,,,,,,,,,
ST-BTS-cooky-koya-rj-tata-FBA,CSTE_0007_ST_Bts_Pillow_Cooky,CSTE_0008_ST_Bts_Pillow_Rj,CSTE_0002_ST_Bts_Pillow_Tata,CSTE_0003_ST_Bts_Pillow_Koya,,,,,,,,,,,
ST-BTS-chimmy-cooky-koya-tata-FBA,CSTE_0007_ST_Bts_Pillow_Cooky,CSTE_0002_ST_Bts_Pillow_Tata,CSTE_0003_ST_Bts_Pillow_Koya,CSTE_0001_ST_Bts_Pillow_Chimmy,,,,,,,,,,,
ST-BTS-chimmy-van-FBA,CSTE_0001_ST_Bts_Pillow_Chimmy,CSTE_0006_ST_Bts_Pillow_Van,,,,,,,,,,,,,
ST-BTS-Chimmy-RJ-FBA,CSTE_0001_ST_Bts_Pillow_Chimmy,CSTE_0008_ST_Bts_Pillow_Rj,,,,,,,,,,,,,
ST-BTS-rj-shooky-FBA,CSTE_0008_ST_Bts_Pillow_Rj,CSTE_0005_ST_Bts_Pillow_Shooky,,,,,,,,,,,,,
ST-BTS-Koya-tata-FBA,CSTE_0003_ST_Bts_Pillow_Koya,CSTE_0002_ST_Bts_Pillow_Tata,,,,,,,,,,,,,
steve_zombie,CSTE_0418_ST_MineCraft_Steve,CSTE_0420_ST_MineCraft_Zombie,,,,,,,,,,,,,
steve_creeper,CSTE_0418_ST_MineCraft_Steve,CSTE_0419_ST_MineCraft_Creeper,,,,,,,,,,,,,
steve_lama,CSTE_0418_ST_MineCraft_Steve,CSTE_0437_ST_Minecraft_Lama_Brown,,,,,,,,,,,,,
ST-BTS-RJ-tata-FBA,CSTE_0008_ST_Bts_Pillow_Rj,CSTE_0002_ST_Bts_Pillow_Tata,,,,,,,,,,,,,
ST-BTS-shooky-tata-FBA,CSTE_0005_ST_Bts_Pillow_Shooky,CSTE_0002_ST_Bts_Pillow_Tata,,,,,,,,,,,,,
ST-BTS-cooky-Chimmy-FBA,CSTE_0007_ST_Bts_Pillow_Cooky,CSTE_0001_ST_Bts_Pillow_Chimmy,,,,,,,,,,,,,
ST-BTS-KOYA-Cooky-FBA,CSTE_0003_ST_Bts_Pillow_Koya,CSTE_0007_ST_Bts_Pillow_Cooky,,,,,,,,,,,,,
ST-BTS-koya-rj-shooky-cooky-FBA,CSTE_0003_ST_Bts_Pillow_Koya,CSTE_0008_ST_Bts_Pillow_Rj,CSTE_0005_ST_Bts_Pillow_Shooky,CSTE_0007_ST_Bts_Pillow_Cooky,,,,,,,,,,,
ST-BTS-cooky-van-FBA,CSTE_0007_ST_Bts_Pillow_Cooky,CSTE_0006_ST_Bts_Pillow_Van,,,,,,,,,,,,,
ST-BTS-koya-rj-shooky-chimmy-FBA,CSTE_0003_ST_Bts_Pillow_Koya,CSTE_0008_ST_Bts_Pillow_Rj,CSTE_0005_ST_Bts_Pillow_Shooky,CSTE_0001_ST_Bts_Pillow_Chimmy,,,,,,,,,,,
ST-BTS-koya-rj-shooky-tata-FBA,CSTE_0003_ST_Bts_Pillow_Koya,CSTE_0008_ST_Bts_Pillow_Rj,CSTE_0005_ST_Bts_Pillow_Shooky,CSTE_0002_ST_Bts_Pillow_Tata,,,,,,,,,,,
ST-BTS-cooky-shooky-FBA,CSTE_0007_ST_Bts_Pillow_Cooky,CSTE_0005_ST_Bts_Pillow_Shooky,,,,,,,,,,,,,
ST-BTS-chimmy-cooky-koya-Shooky,CSTE_0001_ST_Bts_Pillow_Chimmy,CSTE_0007_ST_Bts_Pillow_Cooky,CSTE_0003_ST_Bts_Pillow_Koya,CSTE_0005_ST_Bts_Pillow_Shooky,,,,,,,,,,,
ST-BTS-shooky-van-FBA,CSTE_0005_ST_Bts_Pillow_Shooky,CSTE_0006_ST_Bts_Pillow_Van,,,,,,,,,,,,,
ST-BTS-Koya-van-FBA,CSTE_0003_ST_Bts_Pillow_Koya,CSTE_0006_ST_Bts_Pillow_Van,,,,,,,,,,,,,
ST-BTS-shooky-tata-chimmy-cooky,CSTE_0005_ST_Bts_Pillow_Shooky,CSTE_0002_ST_Bts_Pillow_Tata,CSTE_0001_ST_Bts_Pillow_Chimmy,CSTE_0007_ST_Bts_Pillow_Cooky,,,,,,,,,,,
ST-BTS-Chimmy-Shooky-FBA,CSTE_0001_ST_Bts_Pillow_Chimmy,CSTE_0007_ST_Bts_Pillow_Cooky,,,,,,,,,,,,,
ST-BTS-Koya-Shooky-FBA,CSTE_0003_ST_Bts_Pillow_Koya,CSTE_0005_ST_Bts_Pillow_Shooky,,,,,,,,,,,,,
ST-BTS-van-tata-FBA,CSTE_0006_ST_Bts_Pillow_Van,CSTE_0002_ST_Bts_Pillow_Tata,,,,,,,,,,,,,
ST-BTS-chimmy-tata-FBA,CSTE_0001_ST_Bts_Pillow_Chimmy,CSTE_0002_ST_Bts_Pillow_Tata,,,,,,,,,,,,,
ST-BTS-Koya-Chimmy-FBA,CSTE_0003_ST_Bts_Pillow_Koya,CSTE_0001_ST_Bts_Pillow_Chimmy,,,,,,,,,,,,,
BTS-Mang-Chimmy,CSTE_0004_ST_Bts_Pillow_Mang,CSTE_0001_ST_Bts_Pillow_Chimmy,,,,,,,,,,,,,
ST-BTS-chimmy-cooky-koya-rj-FBA,CSTE_0001_ST_Bts_Pillow_Chimmy,CSTE_0007_ST_Bts_Pillow_Cooky,CSTE_0003_ST_Bts_Pillow_Koya,CSTE_0008_ST_Bts_Pillow_Rj,,,,,,,,,,,
ST-BTS-koya-rj-FBA,CSTE_0003_ST_Bts_Pillow_Koya,CSTE_0008_ST_Bts_Pillow_Rj,,,,,,,,,,,,,
CSTE_0290_OT_Harrypotter_wand,CSTE_0294_OT_Harrypotter_new_wand,CSTE_0020_MB_HP_Black,,,,,,,,,,,,,
Harrypotter_wand,CSTE_0294_OT_Harrypotter_new_wand,CSTE_0020_MB_HP_Black,,,,,,,,,,,,,
WB-IEVN-6335,CSTE_0293_OT_Voldemort_wand,CSTE_0020_MB_HP_Black,,,,,,,,,,,,,
CSTE_0343_Wands_Lord Voldmort_Sunglasas,CSTE_0293_OT_Voldemort_wand,CSTE_0319_SG_HarryPotter_Round,,,,,,,,,,,,,
CSTE_0350_Wands_Hp_light_MB,CSTE_0330_Wands_Harrypotter_Light,CSTE_0020_MB_HP_Black,,,,,,,,,,,,,
CSTE_0351_Wands_snape_Light_MB,CSTE_0380_Wands_Snape_Light,CSTE_0020_MB_HP_Black,,,,,,,,,,,,,
CSTE_0356_Wands_snape_Light_Sg,CSTE_0380_Wands_Snape_Light,CSTE_0319_SG_HarryPotter_Round,,,,,,,,,,,,,
Hermoine_light_SG,CSTE_0331_Wands_Hermoine_Light,CSTE_0319_SG_HarryPotter_Round,,,,,,,,,,,,,
Baby Swaddle_UPD_Pink_Combo,CSTE_0364_Swaddle_Unicorn_Print,CSTE_O0306_OT_UnicornPlantableDiary_Pink,,,,,,,,,,,,,
Baby Swaddle_UPD_Black_Combo,CSTE_0364_Swaddle_Unicorn_Print,CSTE_O0307_OT_UnicornPlantableDiary_Black,,,,,,,,,,,,,
ST-BTS-RJ-van-FBA,CSTE_0008_ST_Bts_Pillow_Rj,CSTE_0006_ST_Bts_Pillow_Van,,,,,,,,,,,,,
ST-BTS-chimmy-cooky-koya-van-FBA,CSTE_0001_ST_Bts_Pillow_Chimmy,CSTE_0007_ST_Bts_Pillow_Cooky,CSTE_0003_ST_Bts_Pillow_Koya,CSTE_0006_ST_Bts_Pillow_Van,,,,,,,,,,,
ST-BTS-koya-rj-shooky-van-FBA,CSTE_0003_ST_Bts_Pillow_Koya,CSTE_0008_ST_Bts_Pillow_Rj,CSTE_0005_ST_Bts_Pillow_Shooky,CSTE_0006_ST_Bts_Pillow_Van,,,,,,,,,,,
ST-BTS-van-chimmy-cooky-koya-FBA,CSTE_0006_ST_Bts_Pillow_Van,CSTE_0001_ST_Bts_Pillow_Chimmy,CSTE_0007_ST_Bts_Pillow_Cooky,CSTE_0003_ST_Bts_Pillow_Koya,,,,,,,,,,,
ST-bts-throw-Army,CSTE_0001_ST_Bts_Pillow_Chimmy,CSTE_0002_ST_Bts_Pillow_Tata,CSTE_0003_ST_Bts_Pillow_Koya,CSTE_0004_ST_Bts_Pillow_Mang,CSTE_0005_ST_Bts_Pillow_Shooky,CSTE_0006_ST_Bts_Pillow_Van,CSTE_0007_ST_Bts_Pillow_Cooky,CSTE_0008_ST_Bts_Pillow_Rj,,,,,,,
ST-BTS-rj-shooky-van-tata-FBA,CSTE_0008_ST_Bts_Pillow_Rj,CSTE_0005_ST_Bts_Pillow_Shooky,CSTE_0006_ST_Bts_Pillow_Van,CSTE_0002_ST_Bts_Pillow_Tata,,,,,,,,,,,
BTS-mang-RJ,CSTE_0004_ST_Bts_Pillow_Mang,CSTE_0008_ST_Bts_Pillow_Rj,,,,,,,,,,,,,
zombie_creeper,CSTE_0420_ST_MineCraft_Zombie,CSTE_0419_ST_MineCraft_Creeper,,,,,,,,,,,,,
Lama_Creeper_Combo,CSTE_0437_ST_Minecraft_Lama_Brown,CSTE_0419_ST_MineCraft_Creeper,,,,,,,,,,,,,
Lama_Ghast_Combo,CSTE_0437_ST_Minecraft_Lama_Brown,CSTE_0421_ST_MineCraft_Ghost,,,,,,,,,,,,,
MB_COMBO_HBDBROWN_UAREMYSUNSHINE,CSTE_0014_MB_HBD_Brown,CSTE_0060_MB_YouAreMySunshine_Brown,,,,,,,,,,,,,
MB_COMBO_HBDBLACK_MH,CSTE_0015_MB_HBD_Black,CSTE_0194_MB_MH3Joker_Brown,,,,,,,,,,,,,
MB_COMBO_HBDBLK_SUNSHINE,CSTE_0015_MB_HBD_Black,CSTE_0060_MB_YouAreMySunshine_Brown,,,,,,,,,,,,,
MB_COMBO_HPGREEN_HBDPINK,CSTE_0018_MB_HP_Green,CSTE_0016_MB_HBD_Pink,,,,,,,,,,,,,
MB_COMBO_HPGREEN_HBDRED,CSTE_0018_MB_HP_Green,CSTE_0013_MB_HBD_Red,,,,,,,,,,,,,
MB_COMBO_HPGREEN_HBDWHITE,CSTE_0018_MB_HP_Green,CSTE_0036_MB_HBD_White,,,,,,,,,,,,,
MB_COMBO_HPGREEN_LETITGO,CSTE_0018_MB_HP_Green,CSTE_0047_MB_LetItGo_Brown,,,,,,,,,,,,,
MB_COMBO_HPGREEN_MH2,CSTE_0018_MB_HP_Green,CSTE_0192_MB_MHA3_Black,,,,,,,,,,,,,
MB_COMBO_HPGREEN_MH3,CSTE_0018_MB_HP_Green,CSTE_0193_MB_MHA6_Black,,,,,,,,,,,,,
MB_COMBO_HPGREEN_MHBLACK,CSTE_0018_MB_HP_Green,CSTE_0196_MB_MHA2_Black,,,,,,,,,,,,,
MB_COMBO_HPBLACK_HBDBROWN,CSTE_0020_MB_HP_Black,CSTE_0014_MB_HBD_Brown,,,,,,,,,,,,,
MB_COMBO_HBDPINK_BEATLES,CSTE_0016_MB_HBD_Pink,CSTE_0022_MB_Beatles_Brown,,,,,,,,,,,,,
MB_COMBO_BB_GOT_Black,CSTE_0023_MB_BeautyandBeast_Black,CSTE_0030_MB_Got_Black,,,,,,,,,,,,,
MB_COMBO_BB_HBD_Brown,CSTE_0023_MB_BeautyandBeast_Black,CSTE_0014_MB_HBD_Brown,,,,,,,,,,,,,
MB_COMBO_BB_Money3Joker,CSTE_0023_MB_BeautyandBeast_Black,CSTE_0194_MB_MH3Joker_Brown,,,,,,,,,,,,,
MB_COMBO_BB_MoneyHeist3,CSTE_0023_MB_BeautyandBeast_Black,CSTE_0196_MB_MHA2_Black,,,,,,,,,,,,,
MB_COMBO_BB_MoneyHeist7,CSTE_0023_MB_BeautyandBeast_Black,CSTE_0192_MB_MHA3_Black,,,,,,,,,,,,,
MB_COMBO_BB_MoneyHeist8,CSTE_0023_MB_BeautyandBeast_Black,CSTE_0200_MB_MHLasaCasaDePapel_Brown,,,,,,,,,,,,,
MB_COMBO_BB_Pirate,CSTE_0023_MB_BeautyandBeast_Black,CSTE_0053_MB_PiratesofCarribean_Brown,,,,,,,,,,,,,
MB_COMBO_WINTERBROWN_BEAUTYBEST,CSTE_0030_MB_Got_Black,CSTE_0024_MB_BeautyandBeast_Brown,,,,,,,,,,,,,
MK11AF MB_COMBO_BB_DBALL,CSTE_0023_MB_BeautyandBeast_Black,CSTE_0070_MB_DragonBallZ_Red,,,,,,,,,,,,,
MB_COMBO_FRIEND_CASTLEINTHESKY,CSTE_0028_MB_Friends_NewBrown,CSTE_0026_MB_Castle_Unicorn,,,,,,,,,,,,,
MB_COMBO_FRIENDS_STARWARS,CSTE_0028_MB_Friends_NewBrown,CSTE_0056_MB_Starwar_Blue,,,,,,,,,,,,,
MB_COMBO_BB_HP_White,CSTE_0023_MB_BeautyandBeast_Black,CSTE_0039_MB_HP_White,,,,,,,,,,,,,
MB_COMBO_HBDBROWN-HPWHITE,CSTE_0014_MB_HBD_Brown,CSTE_0039_MB_HP_White,,,,,,,,,,,,,
MB_COMBO_LALALAND_GODFATHER,CSTE_0043_MB_Lalaland_Brown,CSTE_0033_MB_GodFather_Brown,,,,,,,,,,,,,
MB_COMBO_LALALAND_LETITGO,CSTE_0043_MB_Lalaland_Brown,CSTE_0047_MB_LetItGo_Brown,,,,,,,,,,,,,
MB_COMBO_LALALAND_PP,CSTE_0043_MB_Lalaland_Brown,CSTE_0050_MB_PinkPanther_Brown,,,,,,,,,,,,,
MB_COMBO_LALALAND_THEBEATLES,CSTE_0043_MB_Lalaland_Brown,CSTE_0022_MB_Beatles_Brown,,,,,,,,,,,,,
MB_COMBO_LALALAND_URMYSUNSHINE,CSTE_0043_MB_Lalaland_Brown,CSTE_0060_MB_YouAreMySunshine_Brown,,,,,,,,,,,,,
MB_COMBO_HBDBLACK_LETITGO,CSTE_0015_MB_HBD_Black,CSTE_0047_MB_LetItGo_Brown,,,,,,,,,,,,,
MB_COMBO_TWINKLE_HBDPPINK,CSTE_0048_MB_LittleStar_Brown,CSTE_0016_MB_HBD_Pink,,,,,,,,,,,,,
MB_COMBO_TWINKLE_PINKPANTHER,CSTE_0048_MB_LittleStar_Brown,CSTE_0050_MB_PinkPanther_Brown,,,,,,,,,,,,,
MB_COMBO_BB_StarWarsBlue,CSTE_0023_MB_BeautyandBeast_Black,CSTE_0056_MB_Starwar_Blue,,,,,,,,,,,,,
MB_COMBO_BB_StarWarsBrown,CSTE_0023_MB_BeautyandBeast_Black,CSTE_0055_MB_Starwar_Brown,,,,,,,,,,,,,
MB_COMBO_HBDBROWN_STARWAERBLACK,CSTE_0014_MB_HBD_Brown,CSTE_0054_MB_Starwar_Black,,,,,,,,,,,,,
FUSKED-COMBO-REVERSIBLEOCTOPUSTOYS-6,CSTE_0115_ST_Rev_Oct_BlueOrange,CSTE_0115_ST_Rev_Oct_BlueOrange,,,,,,,,,,,,,
FUSKED-COMBO-REVERSIBLE OCTOPUS-14,CSTE_0122_ST_Rev_Oct_RedYellow,CSTE_0120_ST_Rev_Oct_PurpleGreen,,,,,,,,,,,,,
17*17_PillowCover_Combo,CSTE_0237_HD_PillowCover_Brown,,,,,,,,,,,,,,
Brush_makeup_Blue,CSTE_O0102_OT_ToothBrushKit,,,,,,,,,,,,,,
"Rudrav_RJ & Tata Plush Pillow, Animal Stuffed Toys Throw Pillow",CSTE_0002_ST_Bts_Pillow_Tata,CSTE_0008_ST_Bts_Pillow_Rj,,,,,,,,,,,,,
"FUSKED Chimmy & Cooky Plush Pillow, Animal Stuffed Toy",CSTE_0001_ST_Bts_Pillow_Chimmy,CSTE_0007_ST_Bts_Pillow_Cooky,,,,,,,,,,,,,
"Rudrav_Chimmy & Cooky Plush Pillow, Animal Stuffed Toys",CSTE_0001_ST_Bts_Pillow_Chimmy,CSTE_0007_ST_Bts_Pillow_Cooky,,,,,,,,,,,,,
"FUSKED Cooky & Tata Plush Pillow, Animal Stuffed Toys Throw",CSTE_0007_ST_Bts_Pillow_Cooky,CSTE_0002_ST_Bts_Pillow_Tata,,,,,,,,,,,,,
Harrypotter_wands_musicbox,CSTE_0294_OT_Harrypotter_new_wand,CSTE_0020_MB_HP_Black,,,,,,,,,,,,,
wands_harryPotter_musicbox,CSTE_0294_OT_Harrypotter_new_wand,CSTE_0020_MB_HP_Black,,,,,,,,,,,,,
hermoine_wand_musicbox,CSTE_0291_OT_Hermoine_wand,CSTE_0020_MB_HP_Black,,,,,,,,,,,,,
wands_hermoine_musicbox,CSTE_0291_OT_Hermoine_wand,CSTE_0020_MB_HP_Black,,,,,,,,,,,,,
Dumbledore_wand_musicbox,CSTE_0292_OT_Dumbledore_wand,CSTE_0020_MB_HP_Black,,,,,,,,,,,,,
wands_Dumbledore_Musicbox,CSTE_0292_OT_Dumbledore_wand,CSTE_0020_MB_HP_Black,,,,,,,,,,,,,
LordVoldmort_wand_musicbox,CSTE_0293_OT_Voldemort_wand,CSTE_0020_MB_HP_Black,,,,,,,,,,,,,
voldmort_wand_musicbox,CSTE_0293_OT_Voldemort_wand,CSTE_0020_MB_HP_Black,,,,,,,,,,,,,
new_harrypotter_wand_musicbox,CSTE_0294_OT_Harrypotter_new_wand,CSTE_0020_MB_HP_Black,,,,,,,,,,,,,
wand_new_harrypotter_musicbox,CSTE_0294_OT_Harrypotter_new_wand,CSTE_0020_MB_HP_Black,,,,,,,,,,,,,
harrypotter_sunglass_wand,CSTE_0294_OT_Harrypotter_new_wand,CSTE_0319_SG_HarryPotter_Round,,,,,,,,,,,,,
Wands_HarryPotter_Sunglass,CSTE_0294_OT_Harrypotter_new_wand,CSTE_0319_SG_HarryPotter_Round,,,,,,,,,,,,,
hermoine_sunglass_wand,CSTE_0291_OT_Hermoine_wand,CSTE_0319_SG_HarryPotter_Round,,,,,,,,,,,,,
Wands_hermoine_sunglass,CSTE_0291_OT_Hermoine_wand,CSTE_0319_SG_HarryPotter_Round,,,,,,,,,,,,,
Dumbledore_sunglass_wand,CSTE_0292_OT_Dumbledore_wand,CSTE_0319_SG_HarryPotter_Round,,,,,,,,,,,,,
Wands_Dumbledore_Sunglasas,CSTE_0292_OT_Dumbledore_wand,CSTE_0319_SG_HarryPotter_Round,,,,,,,,,,,,,
Wands_Lord Voldmort_Sunglasas,CSTE_0293_OT_Voldemort_wand,CSTE_0319_SG_HarryPotter_Round,,,,,,,,,,,,,
Voldmort_sunglass_wand,CSTE_0293_OT_Voldemort_wand,CSTE_0319_SG_HarryPotter_Round,,,,,,,,,,,,,
Snape_Sunglass_wand,CSTE_0295_OT_Snape_wand,CSTE_0319_SG_HarryPotter_Round,,,,,,,,,,,,,
Wands_Snape_Sunglass,CSTE_0295_OT_Snape_wand,CSTE_0319_SG_HarryPotter_Round,,,,,,,,,,,,,
"RUDRAV_RJ, Shooky, Van & Tata Plush Pillow, Animal Stuffed Toys",CSTE_0008_ST_Bts_Pillow_Rj,CSTE_0005_ST_Bts_Pillow_Shooky,CSTE_0006_ST_Bts_Pillow_Van,CSTE_0002_ST_Bts_Pillow_Tata,,,,,,,,,,,
CSTE_0407_OT_HP_Scarf_SG,CSTE_0407_OT_HP_Scarf_SG,,,,,,,,,,,,,,
CSTE_0407_OT_HP_Scarf_SG,CSTE_0407_OT_HP_Scarf_SG,,,,,,,,,,,,,,
CSTE_Combo_Melody_Kuromi,CSTE_0483_ST_Animal_Kitty_MyMelody_Pink,CSTE_0482_ST_Animal_Kitty_Kuromi_Black,,,,,,,,,,,,,
HOC_A9_MB_MH,CSTE_0200_MB_MHLasaCasaDePapel_Brown,,,,,,,,,,,,,,
HOC_Bella_Ciao_MH_Black,CSTE_0207_MB_BellaCiao_Black,,,,,,,,,,,,,,
HOC_birthdaytunered01,CSTE_0013_MB_HBD_Red,,,,,,,,,,,,,,
HOC_Brown-La-Vie-Rose-Brown,CSTE_0045_MB_LavienRose_Brown,,,,,,,,,,,,,,
HOC_Caribbean-Pirates,CSTE_0053_MB_PiratesofCarribean_Brown,,,,,,,,,,,,,,
HOC_CSTE_0073_MB_ILoveToTheMoon_Black,CSTE_0073_MB_ILoveToTheMoon_Black,,,,,,,,,,,,,,
HOC_FK- MUSIC BOX -HAPPY BIRTHDAY FOR SPECIAL ONES- PINK,CSTE_0016_MB_HBD_Pink,,,,,,,,,,,,,,
HOC_Four-Head-Brown-Beatles,CSTE_0022_MB_Beatles_Brown,,,,,,,,,,,,,,
HOC_Happy_birthday_white,CSTE_0036_MB_HBD_White,,,,,,,,,,,,,,
HOC_hbd_black_mb,CSTE_0015_MB_HBD_Black,,,,,,,,,,,,,,
HOC_MB_Queen_Black,CSTE_0088_MB_Queen_Black,,,,,,,,,,,,,,
HOC_MH A14 Brown MB,CSTE_0200_MB_MHLasaCasaDePapel_Brown,,,,,,,,,,,,,,
HOC_MH_A5_BLACK MB,CSTE_0207_MB_BellaCiao_Black,,,,,,,,,,,,,,
HOC_MH_Mask_Brown,CSTE_0195_MB_MHA13_Brown,,,,,,,,,,,,,,
HOC_MHAll_Black_MB,CSTE_0197_MB_MHAll_Black,,,,,,,,,,,,,,
HOC_moneyhiestA15,CSTE_0204_MB_MHA12_Brown,,,,,,,,,,,,,,
HOC_MusicBox_Queen,CSTE_0082_MB_Queen_Brown,,,,,,,,,,,,,,
HOC_Pirate_DavyJones_mb,CSTE_0260_MB_Pirate_DavyJones,,,,,,,,,,,,,,
HOC_Pirates of The Caribbean_BLACK,CSTE_0052_MB_PiratesofCarribean_Black,,,,,,,,,,,,,,
HOC_Simpsons_Music_Box_Brown,CSTE_0083_MB_Simpsons_Brown,,,,,,,,,,,,,,
HOC_TO MY WIFE WITH PHOTO_BROWN,CSTE_0058_MB_ToMyWife_BrownWithPhoto,,,,,,,,,,,,,,
HOC_Tree_MB_MerryChristmas,CSTE_0348_MB_MerryChristmas_TreeRed,,,,,,,,,,,,,,
HOC_YOU ARE MY SUNSHINE_BLACK,CSTE_0059_MB_YouAreMySunshine_Black,,,,,,,,,,,,,,
15694321,CSTE_O0431_OT_Soft_Keychain_Shooky,,,,,,,,,,,,,,
23654985,CSTE_O0436_OT_Dinasour_Soft_toy,CSTE_O0047_OT_DinasourPencilSet,,,,,,,,,,,,,
Owl_Keyholder_Purple,CSTE_O0401_OT_KeyHolder_WinkCat_Purple,,,,,,,,,,,,,,
Lilo_Stitch_Breathing_Stitch,CSTE_0460_ST_Animal_Stitch_Lina_Bear,CSTE_0488_ST_Animal_Breathing_Stitch_Blue,,,,,,,,,,,,,
Maru_Bear_Love_a_Lot_Bear,CSTE_0458_ST_Animal_Love_Lot_Bear,CSTE_0456_ST_Animal_Maru_Bear,,,,,,,,,,,,,
Battlegame,CSTE_0378_OT_BattleGame_Toy,,,,,,,,,,,,,,
CJ_Makeup_Org_Black_Brushes,CSTE_O0376_OT_Makeup_Brushes_Set,CSTE_0314_Organizer_Makeup_Black,,,,,,,,,,,,,
Duck_Keychain_Flower_Duck,CSTE_0519_ST_Animal_Sitting_Duck_Flower,CSTE_0509_ST_Animal_Duck_Soft_Keychain,,,,,,,,,,,,,
Dumbledore_Stand,CSTE_0292_OT_Dumbledore_wand,CSTE_0408_Wands_Stand_Metal,,,,,,,,,,,,,
30548764,CSTE_0118_ST_Rev_Oct_DarkBluePink,,,,,,,,,,,,,,
32056420,CSTE_0007_ST_Bts_Pillow_Cooky,,,,,,,,,,,,,,
Harry_stand,CSTE_0294_OT_Harrypotter_new_wand,CSTE_0408_Wands_Stand_Metal,,,,,,,,,,,,,
Hermoine_stand,CSTE_0291_OT_Hermoine_wand,CSTE_0408_Wands_Stand_Metal,,,,,,,,,,,,,
Kuromi_My Melody,CSTE_0482_ST_Animal_Kitty_Kuromi_Black,CSTE_0483_ST_Animal_Kitty_MyMelody_Pink,,,,,,,,,,,,,
CSTE_0523_ST_Animal_Bow_Sheep,CSTE_0523_ST_Animal_Bow_Sheep_White_Brown,,,,,,,,,,,,,,
Messanger_Cat_Combo,CSTE_O0001_OT_TeddyFaceCat_Brown,CSTE_O0003_OT_TeddyFaceCat_Blue,,,,,,,,,,,,,
Messenger_Cat_UPD_Pink,CSTE_O0001_OT_TeddyFaceCat_Brown,CSTE_O0306_OT_UnicornPlantableDiary_Pink,,,,,,,,,,,,,
harry_musicbox_wand_new,CSTE_0294_OT_Harrypotter_new_wand,CSTE_0020_MB_HP_Black,,,,,,,,,,,,,
musicbox_harry_wand,CSTE_0294_OT_Harrypotter_new_wand,CSTE_0020_MB_HP_Black,,,,,,,,,,,,,
wand_harrypotter_musicbox,CSTE_0294_OT_Harrypotter_new_wand,CSTE_0020_MB_HP_Black,,,,,,,,,,,,,
musicbox_volmort_wand,CSTE_0293_OT_Voldemort_wand,CSTE_0020_MB_HP_Black,,,,,,,,,,,,,
wand_volmort_musicbox,CSTE_0293_OT_Voldemort_wand,CSTE_0020_MB_HP_Black,,,,,,,,,,,,,
harry_potter_newwand_music,CSTE_0294_OT_Harrypotter_new_wand,CSTE_0020_MB_HP_Black,,,,,,,,,,,,,
newwand_harry_musicbox,CSTE_0294_OT_Harrypotter_new_wand,CSTE_0020_MB_HP_Black,,,,,,,,,,,,,
wand_music_box_harry_new,CSTE_0294_OT_Harrypotter_new_wand,CSTE_0020_MB_HP_Black,,,,,,,,,,,,,
harrypotter_sunglasses_wand,CSTE_0294_OT_Harrypotter_new_wand,CSTE_0319_SG_HarryPotter_Round,,,,,,,,,,,,,
sunglasses_wand_harrypotter,CSTE_0294_OT_Harrypotter_new_wand,CSTE_0319_SG_HarryPotter_Round,,,,,,,,,,,,,
harry_potter_sunglasses,CSTE_0294_OT_Harrypotter_new_wand,CSTE_0319_SG_HarryPotter_Round,,,,,,,,,,,,,
sunglasses_harry_potter,CSTE_0294_OT_Harrypotter_new_wand,CSTE_0319_SG_HarryPotter_Round,,,,,,,,,,,,,
potter_hermoine_sunglasses,CSTE_0291_OT_Hermoine_wand,CSTE_0319_SG_HarryPotter_Round,,,,,,,,,,,,,
sunglasses_harry_hermoine,CSTE_0291_OT_Hermoine_wand,CSTE_0319_SG_HarryPotter_Round,,,,,,,,,,,,,
dumbledore_sunglasses_wand,CSTE_0292_OT_Dumbledore_wand,CSTE_0319_SG_HarryPotter_Round,,,,,,,,,,,,,
harry_dumbledore_sunglass,CSTE_0292_OT_Dumbledore_wand,CSTE_0319_SG_HarryPotter_Round,,,,,,,,,,,,,
harry_voldmort_sunglass,CSTE_0293_OT_Voldemort_wand,CSTE_0319_SG_HarryPotter_Round,,,,,,,,,,,,,
potter_sunglass_voldmort,CSTE_0293_OT_Voldemort_wand,CSTE_0319_SG_HarryPotter_Round,,,,,,,,,,,,,
sunglasses_wandlord_voldmort,CSTE_0293_OT_Voldemort_wand,CSTE_0319_SG_HarryPotter_Round,,,,,,,,,,,,,
CSTE_0353_Wands_Dumbledore_light_MB,CSTE_0333_Wands_Dumbledore_Light,CSTE_0020_MB_HP_Black,,,,,,,,,,,,,
CSTE_0355_Wands_Harrypotter_light_SG,CSTE_0330_Wands_Harrypotter_Light,CSTE_0319_SG_HarryPotter_Round,,,,,,,,,,,,,
Messenger_Cat_UPD_Black,CSTE_O0001_OT_TeddyFaceCat_Brown,CSTE_O0307_OT_UnicornPlantableDiary_Black,,,,,,,,,,,,,
CSTE_O0364_SnitchBall_3dLamp,CSTE_O0364_SnitchBall_3dLamp,,,,,,,,,,,,,,
squeeze_toy_3,CSTE_O0442_OT_Squeeze_White,CSTE_O0443_OT_Squeeze_Yellow,CSTE_O0444_OT_Squeeze_Purple,,,,,,,,,,,,
CJ_Makeup_Org_Pink_Brushes,CSTE_O0376_OT_Makeup_Brushes_Set,,,,,,,,,,,,,,
Compression_Kit_Toiletry_Bottle_Combo,CSTE_0429_Org_Compression_Kit_Cream,,,,,,,,,,,,,,
CJ_Makeup_Org_Purple_Brushes,CSTE_0316_Organizer_Makeup_Purple,,,,,,,,,,,,,,
NEW_HARRY_POTTER_MUSIC_BOX,CSTE_0294_OT_Harrypotter_new_wand,,,,,,,,,,,,,,
Snape_stand,CSTE_0295_OT_Snape_wand,CSTE_0408_Wands_Stand_Metal,,,,,,,,,,,,,
Voldemort_stand,CSTE_0293_OT_Voldemort_wand,CSTE_0408_Wands_Stand_Metal,,,,,,,,,,,,,
32587421,CSTE_O0436_OT_Dinasour_Soft_toy,CSTE_O0047_OT_DinasourPencilSet,,,,,,,,,,,,,
32645101,CSTE_0002_ST_Bts_Pillow_Tata,,,,,,,,,,,,,,
BigPillow_Combo,CSTE_0009_ST_Bts_LongPillow_Chimmy,CSTE_0012_ST_Bts_LongPillow_Cooky,CSTE_0011_ST_Bts_LongPillow_Koya,CSTE_0010_ST_Bts_LongPillow_Tata,,,,,,,,,,,
26ltr_Sorage_combo4,CSTE_0409_Orgn_Storage_26Ltr_Grey,CSTE_0410_Orgn_Storage_26Ltr_Green,CSTE_0413_Orgn_Storage_26Ltr_Blue,CSTE_0414_Orgn_Storage_26Ltr_Cream,,,,,,,,,,,
26ltr_Sorage_combo4,CSTE_0409_Orgn_Storage_26Ltr_Grey,CSTE_0410_Orgn_Storage_26Ltr_Green,CSTE_0413_Orgn_Storage_26Ltr_Blue,CSTE_0414_Orgn_Storage_26Ltr_Cream,,,,,,,,,,,
Breathing_Grey_Otter,CSTE_0549_ST_Animal_Breathing_Otter_Grey,,,,,,,,,,,,,,
Breathing_Lilo_Stich_Blue,CSTE_0488_ST_Animal_Breathing_Stitch_Blue,,,,,,,,,,,,,,
Breathing_Messenger_Cat,CSTE_O0001_OT_TeddyFaceCat_Brown,,,,,,,,,,,,,,
Breathing_Messenger_Cat_Blue,CSTE_O0003_OT_TeddyFaceCat_Blue,,,,,,,,,,,,,,
Breathing_Messenger_Cat_Pink,CSTE_O0002_OT_TeddyFaceCat_Pink,,,,,,,,,,,,,,
Breathing_Otter_Blue,CSTE_0487_ST_Animal_Breathing_Otter_Blue,,,,,,,,,,,,,,
Breathing_Otter_D_Brown,CSTE_0525_ST_Animal_Breathing_Otter_DarkBrown,,,,,,,,,,,,,,
Breathing_Otter_Pink_1,CSTE_0526_ST_Animal_Breathing_Otter_Pink,,,,,,,,,,,,,,
butterfly_redgreen_SG,CSTE_0148_SG_ButterFly_RedGreen,,,,,,,,,,,,,,
"CAAJU Animal Stuffed Soft Toy (Dark Blue, Orange)",CSTE_0125_ST_Rev_Cat_BlueOerange,,,,,,,,,,,,,,
circle brown,CSTE_0387_SG_Oval_Crystal_Brown,,,,,,,,,,,,,,
CJ_Makeup_Org_LightGreen_Brushes,CSTE_O0376_OT_Makeup_Brushes_Set,CSTE_0315_Organizer_Makeup_LightGreen,,,,,,,,,,,,,
combo_square_watches_black-pink,CSTE_O0316_OT_Squrewatch_Pink,CSTE_O0320_OT_Square Watch_Black,,,,,,,,,,,,,
Compression_Sky_Blue,CSTE_0475_Organizer_Compression_Kit_LightBlue,CSTE_O0390_OT_Toiletry_Bottles,,,,,,,,,,,,,
CSTE_0010_ST_Bts_LongPillow_Tata CSTE_0011_ST_Bts_LongPillow_Koya,CSTE_0010_ST_Bts_LongPillow_Tata,CSTE_0011_ST_Bts_LongPillow_Koya,,,,,,,,,,,,,
CSTE_0174_SG_Oval_Red CSTE_0143_SG_Oval01_Black,CSTE_0143_SG_Oval01_Black,CSTE_0174_SG_Oval_Red,,,,,,,,,,,,,
CSTE_O0367_OT_Belt_Sunglass_Combo,CSTE_O0354_OT_ LeatherBelt_Black,CSTE_0319_SG_HarryPotter_Round,,,,,,,,,,,,,
CSTE_O0367_OT_Belt_Sunglass_Combo,CSTE_O0354_OT_ LeatherBelt_Black,CSTE_0319_SG_HarryPotter_Round,,,,,,,,,,,,,
CSTE020,CSTE_0085_MB_Titanic_Brown,,,,,,,,,,,,,,
CSTE071,CSTE_O0036_OT_UnicornSoftToy_RedSmall,,,,,,,,,,,,,,
CSTE088,CSTE_O0447_OT_Kangaroo_Plush,,,,,,,,,,,,,,
CSTE130,CSTE_O0358_OT_IronMan_Bobblehead,,,,,,,,,,,,,,
Dinosaur Doll,CSTE_O0436_OT_Dinasour_Soft_toy,,,,,,,,,,,,,,
Dinosaur Doll,CSTE_O0436_OT_Dinasour_Soft_toy,,,,,,,,,,,,,,
DOUBLE SHADES HEART MELT_SG,CSTE_0253_SG_MeltedHeart_Red,,,,,,,,,,,,,,
Friends New Music Box,CSTE_0028_MB_Friends_NewBrown,,,,,,,,,,,,,,
Fur Chair Mat-White,CSTE_0114_HD_Rug_CircleChairMat_White,,,,,,,,,,,,,,
"Fusked Red Tata Eye Mask | Soft Breathable Cotton Eye Mask | Sleeping eye shade mask for Insomnia, Meditation, Puffy Eyes and Dark Circles (Red)",CSTE_O0234_OT_TataEyemask,,,,,,,,,,,,,,
"Fusked Wool Floor Mat (White, Small)",CSTE_0111_HD_Rug_CircleFurmat_White,,,,,,,,,,,,,,
FUSKED- BOBBLEHEAD DOG-WHITE-CAR AND HOME DECOR,CSTE_O0293_OT_PuppyBobbleHead,,,,,,,,,,,,,,
Goku blue hair,CSTE_0449_CLT_AF_Vegeta_Gloves_Blue,,,,,,,,,,,,,,
Haary_Round_SG,CSTE_0319_SG_HarryPotter_Round,,,,,,,,,,,,,,
HeartShape_SlingBag_Pink,CSTE_O0439_OT_Bunny_Sling_Bag,,,,,,,,,,,,,,
HP_Wand_Stand,CSTE_0408_Wands_Stand_Metal,CSTE_0294_OT_Harrypotter_new_wand,,,,,,,,,,,,,
Jade Holder-Green,CSTE_O0216_OT_GuashaAndJadeRoler,,,,,,,,,,,,,,
JS_DeerStand_Pink,CSTE_O0167_OT_PlasticJewelleryStand,,,,,,,,,,,,,,
Koala_Hugging_Duck,CSTE_0547_ST_Animal_Stich_Hug_Duck,,,,,,,,,,,,,,
Koya_Pillow,CSTE_0003_ST_Bts_Pillow_Koya,,,,,,,,,,,,,,
Kuromi_My_Melody,CSTE_0482_ST_Animal_Kitty_Kuromi_Black,CSTE_0483_ST_Animal_Kitty_MyMelody_Pink,,,,,,,,,,,,,
Kuromi_My_Melody,CSTE_0482_ST_Animal_Kitty_Kuromi_Black,CSTE_0483_ST_Animal_Kitty_MyMelody_Pink,,,,,,,,,,,,,
Minecraft_Spider_Creeper,CSTE_0477_ST_Minecraft_Spider_Blue,CSTE_0419_ST_MineCraft_Creeper,,,,,,,,,,,,,
MONEYHEIST A-8_BROWN,CSTE_0199_MB_MHA8_Brown,,,,,,,,,,,,,,
Music Box Star Wars- Black,CSTE_0054_MB_Starwar_Black,,,,,,,,,,,,,,
musicBoxBabyYoda-Brown,CSTE_0091_MB_Starwar_Yoda,,,,,,,,,,,,,,
MusicBoxDragonBall-Z-Red,CSTE_0070_MB_DragonBallZ_Red,,,,,,,,,,,,,,
Oval_Red&Black_SG,CSTE_0143_SG_Oval01_Black,CSTE_0174_SG_Oval_Red,,,,,,,,,,,,,
Oval_Sg_Combo,CSTE_0143_SG_Oval01_Black,CSTE_0174_SG_Oval_Red,,,,,,,,,,,,,
Oval_Sg_Combo,CSTE_0143_SG_Oval01_Black,CSTE_0174_SG_Oval_Red,,,,,,,,,,,,,
oval_sunglass_combo,CSTE_0143_SG_Oval01_Black,CSTE_0174_SG_Oval_Red,,,,,,,,,,,,,
plant holder,CSTE_O0386_OT_Candle_Holder_Deer,,,,,,,,,,,,,,
plant holder,CSTE_O0386_OT_Candle_Holder_Deer,,,,,,,,,,,,,,
Rudrav BT21 Rj Ball Pen Multi-function Pen (Multicolor),CSTE_O0287_OT_RjPen,,,,,,,,,,,,,,
Rudrav BTS Pen Multi-function Pen (Blue),CSTE_O0270_OT_MangPen,,,,,,,,,,,,,,
Rudrav_10 Colors in _1 BT21 Koya Ball Pen (Blue) Ball Pen (Multicolor),CSTE_O0270_OT_MangPen,,,,,,,,,,,,,,
Rudrav_Cute Mini Memo Note Pad Memo Note Book with Pen for Kids,CSTE_O0270_OT_MangPen,,,,,,,,,,,,,,
Rudrav_Pulse OXIMETER | Oxygen Saturation Level SPO2 and Heart Pulse Rate Monitor PR,CSTE_O0186_OT_OximeterTft,,,,,,,,,,,,,,
sky blue pink cat,CSTE_0127_ST_Rev_Cat_SkyBluePink,,,,,,,,,,,,,,
SL_SLIPPER_YELLOW,CSTE_O0010_OT_KissieSlipper_Yellow,,,,,,,,,,,,,,
SL_SLIPPER_YELLOW,CSTE_O0010_OT_KissieSlipper_Yellow,,,,,,,,,,,,,,
SL_SLIPPER_YELLOW,CSTE_O0010_OT_KissieSlipper_Yellow,,,,,,,,,,,,,,
SL_SLIPPER_YELLOW,CSTE_O0010_OT_KissieSlipper_Yellow,,,,,,,,,,,,,,
SL_SLIPPER_YELLOW,CSTE_O0010_OT_KissieSlipper_Yellow,,,,,,,,,,,,,,
SL_SLIPPER_YELLOW,CSTE_O0010_OT_KissieSlipper_Yellow,,,,,,,,,,,,,,
SL_SLIPPER_YELLOW,CSTE_O0010_OT_KissieSlipper_Yellow,,,,,,,,,,,,,,
SL_SLIPPER_YELLOW,CSTE_O0010_OT_KissieSlipper_Yellow,,,,,,,,,,,,,,
SL_SLIPPER_YELLOW,CSTE_O0010_OT_KissieSlipper_Yellow,,,,,,,,,,,,,,
SL_SLIPPER_YELLOW,CSTE_O0010_OT_KissieSlipper_Yellow,,,,,,,,,,,,,,
SL_SLIPPER_YELLOW,CSTE_O0010_OT_KissieSlipper_Yellow,,,,,,,,,,,,,,
SL_SLIPPER_YELLOW,CSTE_O0010_OT_KissieSlipper_Yellow,,,,,,,,,,,,,,
SL_SLIPPER_YELLOW,CSTE_O0010_OT_KissieSlipper_Yellow,,,,,,,,,,,,,,
SL_SLIPPER_YELLOW,CSTE_O0010_OT_KissieSlipper_Yellow,,,,,,,,,,,,,,
SL_SLIPPER_YELLOW,CSTE_O0010_OT_KissieSlipper_Yellow,,,,,,,,,,,,,,
SL_SLIPPER_YELLOW,CSTE_O0010_OT_KissieSlipper_Yellow,,,,,,,,,,,,,,
SL_SLIPPER_YELLOW,CSTE_O0010_OT_KissieSlipper_Yellow,,,,,,,,,,,,,,
SL_SLIPPER_YELLOW,CSTE_O0010_OT_KissieSlipper_Yellow,,,,,,,,,,,,,,
SL_SLIPPER_YELLOW,CSTE_O0010_OT_KissieSlipper_Yellow,,,,,,,,,,,,,,
SL_SLIPPER_YELLOW,CSTE_O0010_OT_KissieSlipper_Yellow,,,,,,,,,,,,,,
SL_SLIPPER_YELLOW,CSTE_O0010_OT_KissieSlipper_Yellow,,,,,,,,,,,,,,
SL_SLIPPER_YELLOW,CSTE_O0010_OT_KissieSlipper_Yellow,,,,,,,,,,,,,,
SL_SLIPPER_YELLOW,CSTE_O0010_OT_KissieSlipper_Yellow,,,,,,,,,,,,,,
SL_SLIPPER_YELLOW,CSTE_O0010_OT_KissieSlipper_Yellow,,,,,,,,,,,,,,
SL_SLIPPER_YELLOW,CSTE_O0010_OT_KissieSlipper_Yellow,,,,,,,,,,,,,,
SL_SLIPPER_YELLOW,CSTE_O0010_OT_KissieSlipper_Yellow,,,,,,,,,,,,,,
SL_SLIPPER_YELLOW,CSTE_O0010_OT_KissieSlipper_Yellow,,,,,,,,,,,,,,
SL_SLIPPER_YELLOW,CSTE_O0010_OT_KissieSlipper_Yellow,,,,,,,,,,,,,,
SL_SLIPPER_YELLOW,CSTE_O0010_OT_KissieSlipper_Yellow,,,,,,,,,,,,,,
SL_SLIPPER_YELLOW,CSTE_O0010_OT_KissieSlipper_Yellow,,,,,,,,,,,,,,
SL_SLIPPER_YELLOW,CSTE_O0010_OT_KissieSlipper_Yellow,,,,,,,,,,,,,,
SL_SLIPPER_YELLOW,CSTE_O0010_OT_KissieSlipper_Yellow,,,,,,,,,,,,,,
SL_SLIPPER_YELLOW,CSTE_O0010_OT_KissieSlipper_Yellow,,,,,,,,,,,,,,
SL_SLIPPER_YELLOW,CSTE_O0010_OT_KissieSlipper_Yellow,,,,,,,,,,,,,,
SL_SLIPPER_YELLOW,CSTE_O0010_OT_KissieSlipper_Yellow,,,,,,,,,,,,,,
SL_SLIPPER_YELLOW,CSTE_O0010_OT_KissieSlipper_Yellow,,,,,,,,,,,,,,
SL_SLIPPER_YELLOW,CSTE_O0010_OT_KissieSlipper_Yellow,,,,,,,,,,,,,,
SL_SLIPPER_YELLOW,CSTE_O0010_OT_KissieSlipper_Yellow,,,,,,,,,,,,,,
SL_SLIPPER_YELLOW,CSTE_O0010_OT_KissieSlipper_Yellow,,,,,,,,,,,,,,
SL_SLIPPER_YELLOW,CSTE_O0010_OT_KissieSlipper_Yellow,,,,,,,,,,,,,,
SL_SLIPPER_YELLOW,CSTE_O0010_OT_KissieSlipper_Yellow,,,,,,,,,,,,,,
SL_SLIPPER_YELLOW,CSTE_O0010_OT_KissieSlipper_Yellow,,,,,,,,,,,,,,
SL_SLIPPER_YELLOW,CSTE_O0010_OT_KissieSlipper_Yellow,,,,,,,,,,,,,,
SL_UNICON_SLIPPER,CSTE_O0007_OT_UnicornSlipper_WhiteBig,,,,,,,,,,,,,,
SL_UNICON_SLIPPER,CSTE_O0007_OT_UnicornSlipper_WhiteBig,,,,,,,,,,,,,,
SL_UNICON_SLIPPER,CSTE_O0007_OT_UnicornSlipper_WhiteBig,,,,,,,,,,,,,,
SL_UNICON_SLIPPER,CSTE_O0007_OT_UnicornSlipper_WhiteBig,,,,,,,,,,,,,,
SL_UNICON_SLIPPER,CSTE_O0007_OT_UnicornSlipper_WhiteBig,,,,,,,,,,,,,,
SL_UNICON_SLIPPER,CSTE_O0007_OT_UnicornSlipper_WhiteBig,,,,,,,,,,,,,,
SL_UNICON_SLIPPER,CSTE_O0007_OT_UnicornSlipper_WhiteBig,,,,,,,,,,,,,,
SL_UNICON_SLIPPER,CSTE_O0007_OT_UnicornSlipper_WhiteBig,,,,,,,,,,,,,,
SL_UNICON_SLIPPER,CSTE_O0007_OT_UnicornSlipper_WhiteBig,,,,,,,,,,,,,,
SL_UNICON_SLIPPER,CSTE_O0007_OT_UnicornSlipper_WhiteBig,,,,,,,,,,,,,,
SL_UNICON_SLIPPER,CSTE_O0007_OT_UnicornSlipper_WhiteBig,,,,,,,,,,,,,,
SL_UNICON_SLIPPER,CSTE_O0007_OT_UnicornSlipper_WhiteBig,,,,,,,,,,,,,,
SL_UNICON_SLIPPER,CSTE_O0007_OT_UnicornSlipper_WhiteBig,,,,,,,,,,,,,,
SL_UNICON_SLIPPER,CSTE_O0007_OT_UnicornSlipper_WhiteBig,,,,,,,,,,,,,,
SL_UNICON_SLIPPER,CSTE_O0007_OT_UnicornSlipper_WhiteBig,,,,,,,,,,,,,,
SL_UNICON_SLIPPER,CSTE_O0007_OT_UnicornSlipper_WhiteBig,,,,,,,,,,,,,,
SL_UNICON_SLIPPER,CSTE_O0007_OT_UnicornSlipper_WhiteBig,,,,,,,,,,,,,,
SL_UNICON_SLIPPER,CSTE_O0007_OT_UnicornSlipper_WhiteBig,,,,,,,,,,,,,,
SL_UNICON_SLIPPER,CSTE_O0007_OT_UnicornSlipper_WhiteBig,,,,,,,,,,,,,,
SL_UNICON_SLIPPER,CSTE_O0007_OT_UnicornSlipper_WhiteBig,,,,,,,,,,,,,,
SL_UNICON_SLIPPER,CSTE_O0007_OT_UnicornSlipper_WhiteBig,,,,,,,,,,,,,,
SL_UNICON_SLIPPER,CSTE_O0007_OT_UnicornSlipper_WhiteBig,,,,,,,,,,,,,,
SL_UNICON_SLIPPER,CSTE_O0007_OT_UnicornSlipper_WhiteBig,,,,,,,,,,,,,,
SL_UNICON_SLIPPER,CSTE_O0007_OT_UnicornSlipper_WhiteBig,,,,,,,,,,,,,,
SL_UNICON_SLIPPER,CSTE_O0007_OT_UnicornSlipper_WhiteBig,,,,,,,,,,,,,,
SL_UNICON_SLIPPER,CSTE_O0007_OT_UnicornSlipper_WhiteBig,,,,,,,,,,,,,,
SL_UNICON_SLIPPER,CSTE_O0007_OT_UnicornSlipper_WhiteBig,,,,,,,,,,,,,,
SL_UNICON_SLIPPER,CSTE_O0007_OT_UnicornSlipper_WhiteBig,,,,,,,,,,,,,,
SL_UNICON_SLIPPER,CSTE_O0007_OT_UnicornSlipper_WhiteBig,,,,,,,,,,,,,,
SL_UNICON_SLIPPER,CSTE_O0007_OT_UnicornSlipper_WhiteBig,,,,,,,,,,,,,,
SL_UNICON_SLIPPER,CSTE_O0007_OT_UnicornSlipper_WhiteBig,,,,,,,,,,,,,,
SL_UNICON_SLIPPER,CSTE_O0007_OT_UnicornSlipper_WhiteBig,,,,,,,,,,,,,,
SL_UNICON_SLIPPER,CSTE_O0007_OT_UnicornSlipper_WhiteBig,,,,,,,,,,,,,,
SL_UNICON_SLIPPER,CSTE_O0007_OT_UnicornSlipper_WhiteBig,,,,,,,,,,,,,,
SL_UNICON_SLIPPER,CSTE_O0007_OT_UnicornSlipper_WhiteBig,,,,,,,,,,,,,,
SL_UNICON_SLIPPER,CSTE_O0007_OT_UnicornSlipper_WhiteBig,,,,,,,,,,,,,,
SL_UNICON_SLIPPER,CSTE_O0007_OT_UnicornSlipper_WhiteBig,,,,,,,,,,,,,,
SL_UNICON_SLIPPER,CSTE_O0007_OT_UnicornSlipper_WhiteBig,,,,,,,,,,,,,,
SL_UNICON_SLIPPER,CSTE_O0007_OT_UnicornSlipper_WhiteBig,,,,,,,,,,,,,,
SL_UNICON_SLIPPER,CSTE_O0007_OT_UnicornSlipper_WhiteBig,,,,,,,,,,,,,,
SL_UNICON_SLIPPER,CSTE_O0007_OT_UnicornSlipper_WhiteBig,,,,,,,,,,,,,,
SL_UNICON_SLIPPER,CSTE_O0007_OT_UnicornSlipper_WhiteBig,,,,,,,,,,,,,,
SL_UNICON_SLIPPER,CSTE_O0007_OT_UnicornSlipper_WhiteBig,,,,,,,,,,,,,,
sling_bag_bear,CSTE_O0383_OT_Sling_Bag_Bear,,,,,,,,,,,,,,
sling_bag_bear2,CSTE_O0383_OT_Sling_Bag_Bear,,,,,,,,,,,,,,
square_watch_combo_black_pink,CSTE_O0316_OT_Squrewatch_Pink,CSTE_O0320_OT_Square Watch_Black,,,,,,,,,,,,,
square_watches_combo_blakc-pink,CSTE_O0316_OT_Squrewatch_Pink,CSTE_O0320_OT_Square Watch_Black,,,,,,,,,,,,,
square_watches_combo_blakc-pink,CSTE_O0316_OT_Squrewatch_Pink,CSTE_O0320_OT_Square Watch_Black,,,,,,,,,,,,,
Stitch_Hugging_Duck,CSTE_0547_ST_Animal_Stich_Hug_Duck,,,,,,,,,,,,,,
Stitch_Hugging_Duck_2,CSTE_0547_ST_Animal_Stich_Hug_Duck,,,,,,,,,,,,,,
Storage_box_Black_2,CSTE_0412_Orgn_Storage_26Ltr_BlackWhite,CSTE_0412_Orgn_Storage_26Ltr_BlackWhite,,,,,,,,,,,,,
Storage_box_Black_3,CSTE_0412_Orgn_Storage_26Ltr_BlackWhite,CSTE_0412_Orgn_Storage_26Ltr_BlackWhite,CSTE_0412_Orgn_Storage_26Ltr_BlackWhite,,,,,,,,,,,,
Storage_box_Black_4,CSTE_0412_Orgn_Storage_26Ltr_BlackWhite,CSTE_0412_Orgn_Storage_26Ltr_BlackWhite,CSTE_0412_Orgn_Storage_26Ltr_BlackWhite,CSTE_0412_Orgn_Storage_26Ltr_BlackWhite,,,,,,,,,,,
Storage_Box_Brown_1,CSTE_0411_Orgn_Storage_26Ltr_Brown,,,,,,,,,,,,,,
Storage_Box_Brown_2,CSTE_0411_Orgn_Storage_26Ltr_Brown,CSTE_0411_Orgn_Storage_26Ltr_Brown,,,,,,,,,,,,,
Storage_Box_Brown_3,CSTE_0411_Orgn_Storage_26Ltr_Brown,CSTE_0411_Orgn_Storage_26Ltr_Brown,CSTE_0411_Orgn_Storage_26Ltr_Brown,,,,,,,,,,,,
Storage_Box_Brown_4,CSTE_0411_Orgn_Storage_26Ltr_Brown,CSTE_0411_Orgn_Storage_26Ltr_Brown,CSTE_0411_Orgn_Storage_26Ltr_Brown,CSTE_0411_Orgn_Storage_26Ltr_Brown,,,,,,,,,,,
Storage_Box_Green_1,CSTE_0410_Orgn_Storage_26Ltr_Green,,,,,,,,,,,,,,
Storage_Box_Green_2,CSTE_0410_Orgn_Storage_26Ltr_Green,CSTE_0410_Orgn_Storage_26Ltr_Green,,,,,,,,,,,,,
Storage_Box_Green_3,CSTE_0410_Orgn_Storage_26Ltr_Green,CSTE_0410_Orgn_Storage_26Ltr_Green,CSTE_0410_Orgn_Storage_26Ltr_Green,,,,,,,,,,,,
Storage_Box_Green_4,CSTE_0410_Orgn_Storage_26Ltr_Green,CSTE_0410_Orgn_Storage_26Ltr_Green,CSTE_0410_Orgn_Storage_26Ltr_Green,CSTE_0410_Orgn_Storage_26Ltr_Green,,,,,,,,,,,
Storage_Box_white_1,CSTE_0530_Organizer_Storage_Grid_24_Cream,,,,,,,,,,,,,,
Storage_Box_white_2,CSTE_0530_Organizer_Storage_Grid_24_Cream,CSTE_0530_Organizer_Storage_Grid_24_Cream,,,,,,,,,,,,,
Storage_Box_white_3,CSTE_0530_Organizer_Storage_Grid_24_Cream,CSTE_0530_Organizer_Storage_Grid_24_Cream,CSTE_0530_Organizer_Storage_Grid_24_Cream,,,,,,,,,,,,
Storage_Box_white_4,CSTE_0530_Organizer_Storage_Grid_24_Cream,CSTE_0530_Organizer_Storage_Grid_24_Cream,CSTE_0530_Organizer_Storage_Grid_24_Cream,CSTE_0530_Organizer_Storage_Grid_24_Cream,CSTE_0530_Organizer_Storage_Grid_24_Cream,,,,,,,,,,
travel_organizer_black_map,CSTE_0311_Organizer_Travel_Black,,,,,,,,,,,,,,
travel_organizer_blue_map,CSTE_0309_Organizer_Travel_LightBlue,,,,,,,,,,,,,,
travel_organizer_grey_map,CSTE_0310_Organizer_Travel_Grey,,,,,,,,,,,,,,
Van Bts Soft Toy Full Body,CSTE_O0423_OT_Standing_Doll_Van,,,,,,,,,,,,,,
van pillow white green,CSTE_0006_ST_Bts_Pillow_Van,,,,,,,,,,,,,,
van pillow white green,CSTE_0006_ST_Bts_Pillow_Van,,,,,,,,,,,,,,
Van_Mang_Combo,CSTE_0006_ST_Bts_Pillow_Van,CSTE_0004_ST_Bts_Pillow_Mang,,,,,,,,,,,,,
CSTE_0360_Wands_Snape_Light,CSTE_0360_Wands_Snape_Light,,,,,,,,,,,,,,
Fireglass_Green_Map,CSTE_0157_SG_FireGlass_Green,,,,,,,,,,,,,,
Wands_Stand_HP,CSTE_0408_Wands_Stand_Metal,CSTE_0294_OT_Harrypotter_new_wand,,,,,,,,,,,,,
CSTE_O0446_OT_Glue_Sand_Rubber_Pig,CSTE_O0446_OT_Glue_Sand_Rubber_Pig,,,,,,,,,,,,,,
CSTE_O0445_OT_Glue_Sand_Rubber_Monkey,CSTE_O0445_OT_Glue_Sand_Rubber_Monkey,,,,,,,,,,,,,,
CSTE_O0442_OT_Squeeze_White,CSTE_O0442_OT_Squeeze_White,,,,,,,,,,,,,,
CSTE_O0444_OT_Squeeze_Purple,CSTE_O0444_OT_Squeeze_Purple,,,,,,,,,,,,,,
CSTE_O0443_OT_Squeeze_Yellow,CSTE_O0443_OT_Squeeze_Yellow,,,,,,,,,,,,,,
CSTE_0545_ST_Animal_Breathing_Dog_B_2,CSTE_0545_ST_Animal_Breathing_Dog_Brown,,,,,,,,,,,,,,
CSTE_0545_ST_Animal_Breathing_Dog_Brown,CSTE_0545_ST_Animal_Breathing_Dog_Brown,,,,,,,,,,,,,,
CSTE_0541_ST_Animal_Breathing_Fox,CSTE_0541_ST_Animal_Breathing_Fox,,,,,,,,,,,,,,
CSTE_0540_ST_Animal_Breathing_Stich_Pink,CSTE_0540_ST_Animal_Breathing_Stich_Pink,,,,,,,,,,,,,,
CSTE_0533_ST_Animal_Breathing_koala_Grey,CSTE_0533_ST_Animal_Breathing_koala_Grey,,,,,,,,,,,,,,
CSTE_0536_ST_Animal_Breathing_lamb_White,CSTE_0536_ST_Animal_Breathing_lamb_White,,,,,,,,,,,,,,
CSTE_0535_ST_Animal_Breathing_lamb_P,CSTE_0535_ST_Animal_Breathing_lamb_Pink,,,,,,,,,,,,,,
CSTE_0537_ST_Animal_Breathing_capyBara_1,CSTE_0537_ST_Animal_Breathing_capyBara_pink,,,,,,,,,,,,,,
CSTE_0542_ST_Animal_Breathing_Lucifer_C,CSTE_0542_ST_Animal_Breathing_Lucifer_Cat,,,,,,,,,,,,,,
CSTE_0535_ST_Animal_Breathing_lamb_P_2,CSTE_0535_ST_Animal_Breathing_lamb_Pink,,,,,,,,,,,,,,
CSTE_0540_ST_Animal_Breathing_Stich_P_2,CSTE_0540_ST_Animal_Breathing_Stich_Pink,,,,,,,,,,,,,,
CSTE_0544_ST_Animal_Breathing_Sloth_Grey,CSTE_0544_ST_Animal_Breathing_Sloth_Grey,,,,,,,,,,,,,,
CSTE_0543_ST_Animal_Breathing_S_Rabbit,CSTE_0543_ST_Animal_Breathing_S_Rabbit,,,,,,,,,,,,,,
CSTE_0532_ST_Animal_Breathing_rabbit,CSTE_0532_ST_Animal_Breathing_rabbit,,,,,,,,,,,,,,
CSTE_0481_ST_Animal_Cow_Plush_Cloths,CSTE_0481_ST_Animal_Cow_Plush_Cloths,,,,,,,,,,,,,,
CSTE_0469_ST_Pokemon_Charizard,CSTE_0469_ST_Pokemon_Charizard,,,,,,,,,,,,,,
CSTE_0546_ST_Animal_Lucifer_Cat_Black,CSTE_0546_ST_Animal_Lucifer_Cat_Black,,,,,,,,,,,,,,
CSTE_0538_ST_Animal_Penguin_Yellow,CSTE_0538_ST_Animal_Penguin_Yellow,,,,,,,,,,,,,,
CSTE_0539_ST_Animal_Penguin_Green,CSTE_0539_ST_Animal_Penguin_Green,,,,,,,,,,,,,,
CSTE_0143_SG_Oval01_Black,CSTE_0143_SG_Oval01_Black,,,,,,,,,,,,,,
CSTE_0174_SG_Oval_Red,CSTE_0174_SG_Oval_Red,,,,,,,,,,,,,,
CSTE_0226_SG_Square/Big_Black,CSTE_0226_SG_Square/Big_Black,,,,,,,,,,,,,,
CSTE_0172_SG_Square_Purple,CSTE_0172_SG_Square_Purple,,,,,,,,,,,,,,
CSTE_0169_SG_Sqaure_Creame,CSTE_0169_SG_Sqaure_Creame,,,,,,,,,,,,,,
CSTE_0184_SG_Sqaure_small_TigerPrint_1,CSTE_0184_SG_Sqaure/small_TigerPrint,,,,,,,,,,,,,,
CSTE_0225_SG_Square/Big_TigerPrint,CSTE_0225_SG_Square/Big_TigerPrint,,,,,,,,,,,,,,
Nit-v-Combo_Box_05,CSTE_0020_MB_HP_Black,CSTE_0020_MB_HP_Black,,,,,,,,,,,,,
thuglife_smallcombo,CSTE_0217_SG_ThugLife_Thin,CSTE_0217_SG_ThugLife_Thin,,,,,,,,,,,,,
BIGSMALL_TL,CSTE_0217_SG_ThugLife_Thin,CSTE_0218_SG_ThugLife_Big,,,,,,,,,,,,,
Swaddle_3,CSTE_0364_Swaddle_Unicorn_Print,CSTE_0364_Swaddle_Unicorn_Print,CSTE_0364_Swaddle_Unicorn_Print,,,,,,,,,,,,
Swaddle_5,CSTE_0364_Swaddle_Unicorn_Print,CSTE_0364_Swaddle_Unicorn_Print,CSTE_0364_Swaddle_Unicorn_Print,CSTE_0364_Swaddle_Unicorn_Print,CSTE_0364_Swaddle_Unicorn_Print,,,,,,,,,,
Swaddle_4,CSTE_0364_Swaddle_Unicorn_Print,CSTE_0364_Swaddle_Unicorn_Print,CSTE_0364_Swaddle_Unicorn_Print,CSTE_0364_Swaddle_Unicorn_Print,,,,,,,,,,,
Playful_Swaddles_4,CSTE_0364_Swaddle_Unicorn_Print,CSTE_0364_Swaddle_Unicorn_Print,CSTE_0364_Swaddle_Unicorn_Print,CSTE_0364_Swaddle_Unicorn_Print,,,,,,,,,,,
Swaddles_Pack4,CSTE_0364_Swaddle_Unicorn_Print,CSTE_0364_Swaddle_Unicorn_Print,CSTE_0364_Swaddle_Unicorn_Print,CSTE_0364_Swaddle_Unicorn_Print,,,,,,,,,,,
Swaddles_Pack5,CSTE_0364_Swaddle_Unicorn_Print,CSTE_0364_Swaddle_Unicorn_Print,CSTE_0364_Swaddle_Unicorn_Print,CSTE_0364_Swaddle_Unicorn_Print,CSTE_0364_Swaddle_Unicorn_Print,,,,,,,,,,
Swaddles_Pack3,CSTE_0364_Swaddle_Unicorn_Print,CSTE_0364_Swaddle_Unicorn_Print,CSTE_0364_Swaddle_Unicorn_Print,,,,,,,,,,,,
Swaddles_Pack4,CSTE_0364_Swaddle_Unicorn_Print,CSTE_0364_Swaddle_Unicorn_Print,CSTE_0364_Swaddle_Unicorn_Print,CSTE_0364_Swaddle_Unicorn_Print,,,,,,,,,,,
Swaddles_Pack5,CSTE_0364_Swaddle_Unicorn_Print,CSTE_0364_Swaddle_Unicorn_Print,CSTE_0364_Swaddle_Unicorn_Print,CSTE_0364_Swaddle_Unicorn_Print,CSTE_0364_Swaddle_Unicorn_Print,,,,,,,,,,
Swaddles_pack3,CSTE_0364_Swaddle_Unicorn_Print,CSTE_0364_Swaddle_Unicorn_Print,CSTE_0364_Swaddle_Unicorn_Print,,,,,,,,,,,,
Swaddles_Pack4,CSTE_0364_Swaddle_Unicorn_Print,CSTE_0364_Swaddle_Unicorn_Print,CSTE_0364_Swaddle_Unicorn_Print,CSTE_0364_Swaddle_Unicorn_Print,,,,,,,,,,,
Swaddles_Pack5,CSTE_0364_Swaddle_Unicorn_Print,CSTE_0364_Swaddle_Unicorn_Print,CSTE_0364_Swaddle_Unicorn_Print,CSTE_0364_Swaddle_Unicorn_Print,CSTE_0364_Swaddle_Unicorn_Print,,,,,,,,,,
Swaddles_Pack3,CSTE_0364_Swaddle_Unicorn_Print,CSTE_0364_Swaddle_Unicorn_Print,CSTE_0364_Swaddle_Unicorn_Print,,,,,,,,,,,,
Swaddles_Pack5,CSTE_0364_Swaddle_Unicorn_Print,CSTE_0364_Swaddle_Unicorn_Print,CSTE_0364_Swaddle_Unicorn_Print,CSTE_0364_Swaddle_Unicorn_Print,CSTE_0364_Swaddle_Unicorn_Print,,,,,,,,,,
Swaddles_Pack4,CSTE_0364_Swaddle_Unicorn_Print,CSTE_0364_Swaddle_Unicorn_Print,CSTE_0364_Swaddle_Unicorn_Print,CSTE_0364_Swaddle_Unicorn_Print,,,,,,,,,,,
Swaddles_pack3,CSTE_0364_Swaddle_Unicorn_Print,CSTE_0364_Swaddle_Unicorn_Print,CSTE_0364_Swaddle_Unicorn_Print,,,,,,,,,,,,
StorageBox_5,CSTE_0397_Organizer_StorageBox_Blue,CSTE_0397_Organizer_StorageBox_Blue,CSTE_0397_Organizer_StorageBox_Blue,CSTE_0397_Organizer_StorageBox_Blue,CSTE_0397_Organizer_StorageBox_Blue,,,,,,,,,,
StorageBox_3,CSTE_0397_Organizer_StorageBox_Blue,CSTE_0397_Organizer_StorageBox_Blue,CSTE_0397_Organizer_StorageBox_Blue,,,,,,,,,,,,
StorageBox_4,CSTE_0397_Organizer_StorageBox_Blue,CSTE_0397_Organizer_StorageBox_Blue,CSTE_0397_Organizer_StorageBox_Blue,CSTE_0397_Organizer_StorageBox_Blue,,,,,,,,,,,
Caaju_Compression_Travelkit_Cream,CSTE_0429_Org_Compression_Kit_Cream,CSTE_O0390_OT_Toiletry_Bottles,,,,,,,,,,,,,
Caaju_Compression_Travelkit_Blue,CSTE_0430_Org_Compression_Kit_Blue,CSTE_O0390_OT_Toiletry_Bottles,,,,,,,,,,,,,
Caaju_6pc_travelkit_Pink,CSTE_0424_Org_6Pcs_Travel_Pink,CSTE_O0390_OT_Toiletry_Bottles,,,,,,,,,,,,,
Caaju_6pc_travelkit_Red,CSTE_0425_Org_6Pcs_Travel_Red,CSTE_O0390_OT_Toiletry_Bottles,,,,,,,,,,,,,
Caaju_6pc_travelkit_Maroon,CSTE_0428_Org_6Pcs_Travel_Maroon,CSTE_O0390_OT_Toiletry_Bottles,,,,,,,,,,,,,
Compression_kit_blk,CSTE_0474_Organizer_Compression_Kit_Black,CSTE_O0390_OT_Toiletry_Bottles,,,,,,,,,,,,,
CSTE_0502_ST_Minecraft_Pickaxe_Foam,CSTE_0502_ST_Minecraft_Pickaxe_Foam,CSTE_0471_ST_Minecraft_Sword_Big,,,,,,,,,,,,,
Caaju_DS_Clipe_Rope_Pack2,CSTE_AMZ001_OT_Clip_Rope,CSTE_AMZ001_OT_Clip_Rope,,,,,,,,,,,,,
clip rope pack of 2,CSTE_AMZ001_OT_Clip_Rope,CSTE_AMZ001_OT_Clip_Rope,,,,,,,,,,,,,
cliperope_packof2,CSTE_AMZ001_OT_Clip_Rope,CSTE_AMZ001_OT_Clip_Rope,,,,,,,,,,,,,
nylon _ rope 02,CSTE_AMZ002_OT_Rope_Nylon,CSTE_AMZ002_OT_Rope_Nylon,,,,,,,,,,,,,
nylon_rope_3,CSTE_AMZ002_OT_Rope_Nylon,CSTE_AMZ002_OT_Rope_Nylon,CSTE_AMZ002_OT_Rope_Nylon,,,,,,,,,,,,
PILLOW_PACK3,CSTE_O0043_OT_CushionFiller,CSTE_O0043_OT_CushionFiller,CSTE_O0043_OT_CushionFiller,,,,,,,,,,,,
PILLOW_PACK5,CSTE_O0043_OT_CushionFiller,CSTE_O0043_OT_CushionFiller,CSTE_O0043_OT_CushionFiller,CSTE_O0043_OT_CushionFiller,CSTE_O0043_OT_CushionFiller,,,,,,,,,,
PILLOW_PACK-4,CSTE_O0043_OT_CushionFiller,CSTE_O0043_OT_CushionFiller,CSTE_O0043_OT_CushionFiller,CSTE_O0043_OT_CushionFiller,,,,,,,,,,,
PILLOW_PACKOF2,CSTE_O0043_OT_CushionFiller,CSTE_O0043_OT_CushionFiller,,,,,,,,,,,,,
PILLOW_PACK4,CSTE_O0043_OT_CushionFiller,CSTE_O0043_OT_CushionFiller,CSTE_O0043_OT_CushionFiller,CSTE_O0043_OT_CushionFiller,,,,,,,,,,,
PILLOW_PACK2,CSTE_O0043_OT_CushionFiller,CSTE_O0043_OT_CushionFiller,,,,,,,,,,,,,
PILLOW_PACK3,CSTE_O0043_OT_CushionFiller,CSTE_O0043_OT_CushionFiller,CSTE_O0043_OT_CushionFiller,,,,,,,,,,,,
PILLOW_PACK4,CSTE_O0043_OT_CushionFiller,CSTE_O0043_OT_CushionFiller,CSTE_O0043_OT_CushionFiller,CSTE_O0043_OT_CushionFiller,,,,,,,,,,,
PILLOW_PACK2,CSTE_O0043_OT_CushionFiller,CSTE_O0043_OT_CushionFiller,,,,,,,,,,,,,
White_cushion fillers_5P,CSTE_O0043_OT_CushionFiller,CSTE_O0043_OT_CushionFiller,CSTE_O0043_OT_CushionFiller,CSTE_O0043_OT_CushionFiller,CSTE_O0043_OT_CushionFiller,,,,,,,,,,
PILLOW_PACK2,CSTE_O0043_OT_CushionFiller,CSTE_O0043_OT_CushionFiller,,,,,,,,,,,,,
PILLOW_PACK5,CSTE_O0043_OT_CushionFiller,CSTE_O0043_OT_CushionFiller,CSTE_O0043_OT_CushionFiller,CSTE_O0043_OT_CushionFiller,CSTE_O0043_OT_CushionFiller,,,,,,,,,,
FLY_PENCIL_6_SET_MULTI,CSTE_O0061_OT_FlyingPencilSet_Blue,CSTE_O0061_OT_FlyingPencilSet_Blue,CSTE_O0061_OT_FlyingPencilSet_Blue,CSTE_O0061_OT_FlyingPencilSet_Blue,CSTE_O0061_OT_FlyingPencilSet_Blue,CSTE_O0061_OT_FlyingPencilSet_Blue,,,,,,,,,
Nit-v-Combo_Box_06,CSTE_0020_MB_HP_Black,CSTE_0014_MB_HBD_Brown,,,,,,,,,,,,,
Nit-v-Combo_Box_04,CSTE_0020_MB_HP_Black,CSTE_0024_MB_BeautyandBeast_Brown,,,,,,,,,,,,,
Nit-v-Combo_Box_03,CSTE_0043_MB_Lalaland_Brown,CSTE_0024_MB_BeautyandBeast_Brown,,,,,,,,,,,,,
Nit-v-Combo_Box_02,CSTE_0043_MB_Lalaland_Brown,CSTE_0014_MB_HBD_Brown,,,,,,,,,,,,,
CTLG-01,CSTE_0217_SG_ThugLife_Thin,CSTE_0218_SG_ThugLife_Big,,,,,,,,,,,,,
CTLG-02,CSTE_0217_SG_ThugLife_Thin,CSTE_0217_SG_ThugLife_Thin,,,,,,,,,,,,,
Caaju_Storagebox_Blue_2pk,CSTE_0397_Organizer_StorageBox_Blue,CSTE_0397_Organizer_StorageBox_Blue,,,,,,,,,,,,,
Caaju_Storagebox_Blue_3pk,CSTE_0397_Organizer_StorageBox_Blue,CSTE_0397_Organizer_StorageBox_Blue,CSTE_0397_Organizer_StorageBox_Blue,,,,,,,,,,,,
Caaju_Storagebox_Blue_4pk,CSTE_0397_Organizer_StorageBox_Blue,CSTE_0397_Organizer_StorageBox_Blue,CSTE_0397_Organizer_StorageBox_Blue,CSTE_0397_Organizer_StorageBox_Blue,,,,,,,,,,,
Caaju_Storagebox_Blue_5pk,CSTE_0397_Organizer_StorageBox_Blue,CSTE_0397_Organizer_StorageBox_Blue,CSTE_0397_Organizer_StorageBox_Blue,CSTE_0397_Organizer_StorageBox_Blue,CSTE_0397_Organizer_StorageBox_Blue,,,,,,,,,,
Caaju_Storagebox_Blue_6pk,CSTE_0397_Organizer_StorageBox_Blue,CSTE_0397_Organizer_StorageBox_Blue,CSTE_0397_Organizer_StorageBox_Blue,CSTE_0397_Organizer_StorageBox_Blue,CSTE_0397_Organizer_StorageBox_Blue,CSTE_0397_Organizer_StorageBox_Blue,,,,,,,,,
Caaju_26Lstoragebox_grey_2pk,CSTE_0409_Orgn_Storage_26Ltr_Grey,CSTE_0409_Orgn_Storage_26Ltr_Grey,,,,,,,,,,,,,
Caaju_26Lstoragebox_grey_3pk,CSTE_0409_Orgn_Storage_26Ltr_Grey,CSTE_0409_Orgn_Storage_26Ltr_Grey,CSTE_0409_Orgn_Storage_26Ltr_Grey,,,,,,,,,,,,
Caaju_26Lstoragebox_grey_4pk,CSTE_0409_Orgn_Storage_26Ltr_Grey,CSTE_0409_Orgn_Storage_26Ltr_Grey,CSTE_0409_Orgn_Storage_26Ltr_Grey,CSTE_0409_Orgn_Storage_26Ltr_Grey,,,,,,,,,,,
Caaju_24grid_Beige_2pk,CSTE_0530_Organizer_Storage_Grid_24_Cream,CSTE_0530_Organizer_Storage_Grid_24_Cream,,,,,,,,,,,,,
Caaju_24grid_Grey_2pk,CSTE_0529_Organizer_Storage_Grid_24_Grey,CSTE_0529_Organizer_Storage_Grid_24_Grey,,,,,,,,,,,,,
XEXY_0001_Accs_Bamboo_Socks_Pink_2Pack,XEXY_0001_Accs_Bamboo_Xocks_Pink,XEXY_0001_Accs_Bamboo_Xocks_Pink,,,,,,,,,,,,,
XEXY_0001_Accs_Bamboo_Socks_Pink_3Pack,XEXY_0001_Accs_Bamboo_Xocks_Pink,XEXY_0001_Accs_Bamboo_Xocks_Pink,XEXY_0001_Accs_Bamboo_Xocks_Pink,,,,,,,,,,,,
XEXY_0001_Accs_Bamboo_Socks_Pink_6Pack,XEXY_0001_Accs_Bamboo_Xocks_Pink,XEXY_0001_Accs_Bamboo_Xocks_Pink,XEXY_0001_Accs_Bamboo_Xocks_Pink,XEXY_0001_Accs_Bamboo_Xocks_Pink,XEXY_0001_Accs_Bamboo_Xocks_Pink,XEXY_0001_Accs_Bamboo_Xocks_Pink,,,,,,,,,
